,TTN_GEO,Decision_Maker,Company_Size,Account Source.,Industry,Qualified
1,US,0,S,OLG,Technology,0
2,US,1,S,OLG,Technology,0
5,India,1,S,OLG,Technology,0
6,US,1,S,OLG,Technology,0
7,India,1,S,OLG,Technology,0
13,US,1,S,OLG,Technology,0
14,US,0,M,OLG,Technology,0
15,India,0,S,OLG,Technology,0
16,Europe,1,S,OLG,Technology,0
18,US,0,S,OLG,Technology,0
24,Europe,1,S,OLG,Technology,0
27,US,1,S,OLG,Technology,0
28,US,1,S,OLG,Technology,0
31,US,1,S,OLG,Technology,0
32,Europe,0,S,OLG,Technology,0
33,US,1,S,OLG,Technology,0
35,Europe,1,M,OLG,Technology,0
36,US,1,L,OLG,Technology,0
38,India,0,S,OLG,Technology,0
40,US,1,M,OLG,Technology,0
41,US,1,S,OLG,Technology,1
42,India,1,S,OLG,Technology,0
43,US,1,L,OLG,Technology,0
44,US,1,S,OLG,Technology,0
46,US,1,S,OLG,Technology,0
47,US,1,S,OLG,Technology,0
49,India,1,S,OLG,Technology,0
50,Europe,1,L,OLG,Technology,0
51,US,1,L,OLG,Technology,0
52,India,0,S,OLG,Technology,0
56,Europe,1,S,OLG,Technology,0
57,Europe,1,XL,OLG,M&E,0
59,US,1,S,OLG,Technology,0
60,US,1,XS,OLG,Others,0
62,US,1,S,OLG,Technology,0
63,Europe,1,S,OLG,Technology,0
65,India,1,S,OLG,Technology,0
67,India,0,S,OLG,Technology,0
68,India,1,XL,OLG,Others,1
77,India,1,S,OLG,Technology,0
78,US,1,S,OLG,Technology,0
82,US,0,S,SEM,Technology,0
91,India,1,S,OLG,Technology,0
92,India,1,S,OLG,Technology,0
93,US,1,XXL,OLG,Technology,0
95,US,1,XXL,OLG,Others,0
102,US,0,S,OLG,Technology,0
108,US,1,S,OLG,Technology,0
109,US,1,S,OLG,Technology,0
111,India,1,S,OLG,Technology,0
112,India,0,S,OLG,Technology,0
113,India,1,S,OLG,Technology,0
114,Europe,0,S,OLG,Technology,0
122,US,1,XL,OLG,Internet,0
128,India,1,S,OLG,Technology,0
129,Europe,0,S,OLG,Technology,0
133,India,1,S,OLG,Technology,0
134,Europe,1,S,OLG,Technology,0
135,US,0,XXL,OLG,Technology,0
147,US,1,XL,OLG,Technology,0
149,US,1,XXL,OLG,Technology,0
151,US,0,XL,OLG,Technology,0
158,US,1,S,OLG,Technology,0
160,US,1,XXL,OLG,Technology,0
166,Europe,1,L,OLG,Technology,1
167,US,1,S,OLG,Technology,0
169,US,1,XXL,OLG,M&E,0
174,US,1,L,OLG,Technology,0
179,US,1,XL,OLG,Technology,0
180,US,1,S,OLG,Technology,0
182,US,1,S,OLG,Technology,0
184,US,0,S,OLG,Technology,0
186,Europe,1,S,OLG,Technology,0
190,US,1,XXL,OLG,Technology,0
192,US,1,S,OLG,Technology,0
195,Europe,1,XXL,OLG,Technology,0
197,India,0,S,OLG,Technology,0
199,India,1,S,OLG,Technology,0
201,India,1,S,OLG,Technology,0
203,Europe,0,S,OLG,Technology,0
204,US,1,S,OLG,Technology,0
207,India,1,S,OLG,Technology,0
215,US,1,S,OLG,Technology,0
216,ME,1,L,OLG,Technology,0
217,US,0,S,OLG,Technology,0
223,Europe,1,S,OLG,Technology,0
225,India,0,S,OLG,Technology,0
230,US,1,L,OLG,BFSI,0
232,US,1,XXL,OLG,Healthcare,0
236,Europe,1,S,OLG,Technology,0
239,India,1,S,OLG,Technology,0
240,US,1,S,OLG,Technology,0
242,US,1,S,OLG,Technology,0
250,US,0,L,SEM,Others,1
251,US,1,S,OLG,Technology,0
256,US,1,S,OLG,Technology,0
257,US,1,S,OLG,Technology,0
265,US,1,S,OLG,Technology,0
269,US,1,S,OLG,Technology,0
271,US,0,S,OLG,Technology,0
275,US,1,S,OLG,Technology,0
276,US,1,M,OLG,Technology,0
279,US,1,S,OLG,Technology,0
281,US,1,S,OLG,Technology,0
285,Europe,1,S,OLG,Technology,0
286,US,0,XXL,OLG,Technology,0
289,India,1,S,OLG,Technology,0
290,US,0,L,OLG,Technology,0
296,India,1,XXL,OLG,Telecommunication,1
301,US,0,S,OLG,Technology,0
304,India,0,S,OLG,Technology,0
308,US,1,S,OLG,Technology,0
316,India,1,S,OLG,Technology,0
317,India,1,S,OLG,Technology,0
318,US,0,S,SEM,Technology,1
321,US,1,S,OLG,Technology,0
322,US,1,S,OLG,Technology,0
323,Europe,1,S,OLG,Technology,0
324,US,1,S,OLG,Technology,0
326,India,0,S,OLG,Technology,0
327,US,1,L,OLG,Technology,0
330,US,1,M,OLG,Technology,1
337,India,1,S,OLG,Technology,0
338,India,1,S,OLG,Technology,0
341,US,1,S,OLG,Technology,0
345,India,1,S,OLG,Technology,0
346,US,1,S,OLG,Technology,0
349,US,0,M,SEM,Others,1
351,US,1,S,OLG,Technology,0
357,US,1,S,SEM,Technology,0
359,India,1,S,OLG,Technology,0
360,US,1,S,OLG,Technology,0
361,US,1,S,OLG,Technology,0
366,US,1,S,OLG,Technology,0
368,US,0,S,OLG,Technology,0
370,US,1,S,OLG,Technology,0
374,India,1,S,OLG,Technology,0
384,US,1,XXL,OLG,Others,0
388,US,1,S,OLG,Technology,0
389,US,1,XXL,OLG,Others,0
406,US,0,S,OLG,Technology,0
413,Europe,1,XL,OLG,Technology,0
414,US,1,S,OLG,Technology,0
421,US,1,S,SEM,Technology,1
422,US,0,S,SEM,Technology,1
427,US,1,S,OLG,Technology,0
428,India,0,S,OLG,Technology,0
433,US,1,S,OLG,Technology,0
438,India,1,S,OLG,Technology,0
444,India,1,S,OLG,Technology,0
445,US,1,S,OLG,Technology,0
449,US,1,XXL,OLG,Technology,0
450,US,1,S,OLG,Technology,0
454,India,1,S,OLG,Technology,0
455,US,1,XS,OLG,Technology,0
462,India,0,S,OLG,Technology,0
465,US,1,S,OLG,Technology,0
467,US,1,S,OLG,Technology,0
468,US,1,S,OLG,Technology,0
475,India,0,S,OLG,Technology,0
487,US,1,XL,OLG,Technology,0
489,US,1,XXL,OLG,Technology,0
491,Europe,1,S,OLG,Technology,0
493,US,1,S,OLG,Technology,0
495,Europe,0,S,OLG,Technology,0
497,US,1,S,OLG,Technology,0
499,US,1,S,OLG,Technology,0
504,US,1,S,OLG,Technology,0
510,US,1,S,OLG,Technology,0
518,US,0,XXL,OLG,Technology,1
520,US,1,S,SEM,Technology,1
521,US,0,M,OLG,Technology,0
524,India,1,S,OLG,Technology,0
525,US,1,M,OLG,Technology,0
526,US,1,S,OLG,Technology,0
527,India,1,S,OLG,Technology,0
528,US,1,XS,OLG,Others,0
532,Europe,1,S,OLG,Technology,0
538,Europe,1,S,OLG,Technology,0
539,US,1,XL,OLG,Technology,0
540,US,1,S,OLG,Technology,0
548,ANZ,0,XL,OLG,Technology,0
552,US,0,XL,OLG,Technology,0
563,India,1,S,OLG,Technology,0
565,US,1,M,OLG,Technology,0
566,US,1,S,OLG,Technology,0
568,US,0,S,OLG,Technology,0
569,US,1,S,OLG,Technology,0
578,India,1,S,OLG,Technology,0
582,India,1,S,OLG,Technology,0
585,US,0,S,OLG,Technology,0
587,US,1,S,OLG,Technology,0
592,US,1,L,OLG,Technology,0
596,US,0,S,SEM,Technology,1
598,ANZ,1,S,OLG,Technology,0
600,Europe,1,S,OLG,Technology,0
608,US,0,S,OLG,Technology,1
610,India,0,S,OLG,Technology,0
611,India,1,S,OLG,Technology,0
613,India,0,S,OLG,Technology,0
617,US,1,S,OLG,Technology,0
619,India,1,S,OLG,Technology,0
622,India,0,S,OLG,Technology,0
625,India,1,S,OLG,Technology,1
626,US,0,S,SEM,Technology,0
627,US,1,XL,OLG,Technology,0
631,India,1,S,OLG,Technology,0
632,India,0,S,OLG,Technology,0
645,US,1,S,OLG,Technology,0
653,India,0,S,OLG,Technology,0
662,India,1,S,OLG,Technology,0
667,Europe,1,S,OLG,Technology,0
673,India,0,S,OLG,Technology,0
674,India,1,S,OLG,Technology,0
678,Asia,1,S,OLG,Technology,0
683,US,1,S,OLG,Technology,0
687,India,1,S,OLG,Technology,0
692,US,1,S,OLG,Technology,1
695,US,1,S,OLG,Technology,0
698,Europe,1,L,OLG,Others,0
703,US,1,S,OLG,Technology,0
704,ANZ,1,XL,OLG,Technology,0
706,Europe,1,S,OLG,Technology,0
712,India,0,S,OLG,Technology,0
713,US,1,L,OLG,Technology,0
718,India,0,S,OLG,Technology,0
719,US,1,S,OLG,Technology,1
722,US,0,S,OLG,Technology,0
727,India,1,S,OLG,Technology,0
731,India,0,S,OLG,Technology,0
741,India,1,XL,OLG,Others,0
742,India,1,XS,OLG,Internet,1
747,US,1,S,OLG,Technology,0
748,India,0,S,OLG,Technology,0
751,US,1,S,SEM,Technology,1
752,India,0,S,OLG,Technology,0
755,US,0,M,OLG,Technology,0
758,India,1,S,OLG,Technology,0
764,US,1,S,OLG,Technology,0
765,India,0,L,OLG,Others,0
768,US,1,S,SEM,Technology,1
770,US,1,XXL,OLG,Technology,0
771,Europe,1,XL,OLG,Technology,0
774,US,1,S,OLG,Technology,0
786,India,1,S,OLG,Technology,0
788,India,0,S,OLG,Technology,0
792,US,1,XL,OLG,Technology,0
797,US,1,S,OLG,Technology,0
800,US,1,XL,OLG,Internet,0
802,US,0,S,OLG,Technology,0
804,US,1,XL,OLG,Technology,0
809,US,1,S,OLG,Technology,0
813,US,1,M,OLG,Technology,0
814,US,1,S,OLG,Technology,0
815,US,1,S,OLG,Technology,0
819,US,0,S,OLG,Technology,0
829,India,1,S,OLG,Technology,0
836,India,1,XS,OLG,Internet,0
839,US,0,S,OLG,Technology,0
844,Europe,1,S,OLG,Technology,0
847,US,1,S,OLG,Technology,0
848,India,1,S,OLG,Technology,0
851,India,1,S,OLG,Technology,0
855,US,1,S,OLG,Technology,0
856,India,0,S,OLG,Technology,0
857,India,0,S,OLG,Technology,0
860,US,1,S,OLG,Technology,0
862,US,1,S,OLG,Technology,0
863,India,1,S,OLG,Technology,0
875,US,1,S,OLG,Technology,0
876,India,1,S,OLG,Technology,1
880,US,1,S,OLG,Technology,0
884,US,1,S,OLG,Technology,0
887,US,0,S,OLG,Technology,0
888,India,1,S,OLG,Technology,0
889,US,1,S,OLG,Technology,1
892,India,1,S,OLG,Technology,0
894,US,1,M,OLG,Technology,0
895,US,1,S,OLG,Technology,0
897,US,1,S,OLG,Technology,0
903,Europe,1,S,OLG,Technology,0
908,US,0,S,SEM,Technology,1
909,India,1,S,OLG,Technology,0
911,Europe,0,S,OLG,Technology,0
912,Europe,0,S,OLG,Technology,0
916,US,1,S,OLG,Technology,0
922,US,1,M,OLG,Internet,0
927,India,1,S,OLG,Technology,0
932,ANZ,1,M,OLG,Technology,0
935,Europe,1,S,OLG,Others,0
940,India,1,S,OLG,Technology,0
941,US,0,XL,OLG,Others,0
945,US,1,S,OLG,Technology,0
950,Europe,1,XL,OLG,Technology,0
957,Europe,1,S,OLG,Technology,0
959,US,1,XXL,OLG,Technology,0
962,US,1,S,OLG,Technology,0
964,US,1,S,OLG,Technology,0
974,US,1,S,OLG,Technology,0
976,US,1,S,OLG,Technology,0
982,India,0,S,OLG,Technology,0
983,US,1,L,OLG,Technology,0
987,US,1,XXL,OLG,E-commerce,0
993,US,1,S,OLG,Technology,0
996,US,0,S,OLG,Technology,0
1003,US,1,S,OLG,Technology,0
1008,US,1,XL,OLG,Others,0
1010,US,1,S,OLG,Technology,0
1013,Europe,1,XXL,OLG,Technology,1
1014,Asia,1,XXL,OLG,Technology,0
1021,India,1,S,OLG,Technology,0
1030,US,1,S,OLG,Technology,0
1038,Europe,1,L,OLG,Technology,0
1039,India,0,S,OLG,Technology,0
1041,India,1,S,OLG,Technology,1
1042,India,1,S,OLG,Technology,0
1044,India,0,S,OLG,Technology,0
1045,India,1,S,OLG,Technology,0
1047,US,0,S,OLG,Technology,0
1048,India,1,S,OLG,Technology,0
1049,US,0,S,OLG,Technology,0
1051,Europe,1,S,OLG,Technology,0
1053,Europe,0,S,OLG,Technology,0
1054,India,1,S,OLG,Technology,0
1056,India,1,S,OLG,Technology,0
1057,India,0,S,Website,Technology,0
1060,India,1,S,OLG,Technology,0
1061,India,1,S,OLG,Technology,0
1062,US,1,M,OLG,Internet,0
1064,India,1,S,OLG,Technology,0
1066,US,1,S,OLG,Technology,0
1070,US,1,XL,OLG,Technology,0
1073,India,1,S,OLG,Technology,0
1078,US,1,XL,OLG,Internet,0
1081,India,1,S,OLG,Technology,0
1082,Europe,1,S,OLG,Technology,0
1083,US,0,S,OLG,Technology,0
1086,US,0,S,SEM,Technology,1
1089,Europe,1,S,OLG,Technology,0
1090,US,1,S,OLG,Technology,0
1094,US,1,S,OLG,Technology,0
1099,Europe,0,S,OLG,Technology,0
1101,US,1,L,OLG,Technology,0
1103,US,1,S,OLG,Technology,0
1106,US,1,S,OLG,Technology,0
1108,US,1,XL,OLG,Internet,0
1111,India,1,S,OLG,Technology,0
1112,US,1,S,OLG,Technology,0
1114,India,0,S,OLG,Technology,0
1115,Europe,1,S,OLG,Technology,0
1117,US,1,S,OLG,Technology,0
1118,US,0,S,OLG,Technology,0
1120,US,1,S,OLG,Technology,0
1121,India,1,S,OLG,Technology,0
1122,US,0,S,OLG,Technology,0
1124,US,0,S,OLG,Technology,0
1128,Europe,1,S,OLG,Technology,0
1135,US,1,XL,OLG,Technology,0
1137,US,1,S,OLG,Technology,0
1138,US,0,S,OLG,Technology,0
1140,Europe,1,S,OLG,Technology,0
1141,Europe,0,S,OLG,Technology,0
1142,US,1,S,OLG,Technology,0
1148,India,1,S,OLG,Technology,0
1152,India,1,S,OLG,Technology,0
1154,US,1,M,OLG,Technology,0
1157,India,0,S,OLG,Technology,0
1158,India,1,S,OLG,Technology,0
1159,India,0,S,OLG,Technology,0
1162,India,1,S,OLG,Technology,0
1170,Europe,0,S,OLG,Technology,0
1172,US,1,XL,OLG,Technology,0
1175,US,0,S,OLG,Technology,0
1189,US,1,S,OLG,Technology,0
1191,US,1,M,OLG,Internet,0
1192,India,0,S,OLG,Technology,0
1196,India,1,S,OLG,Technology,0
1200,Europe,1,XXL,OLG,Technology,0
1203,Europe,1,S,OLG,Technology,0
1204,India,1,S,OLG,Technology,0
1208,US,1,S,OLG,Technology,0
1213,India,1,S,OLG,Technology,0
1214,US,1,XXL,OLG,Others,0
1218,Europe,1,S,OLG,Technology,0
1221,India,1,S,OLG,Technology,0
1222,Europe,0,S,OLG,Technology,0
1224,Europe,1,S,OLG,Technology,0
1227,Europe,1,S,OLG,Technology,0
1229,Europe,1,S,OLG,Technology,0
1237,US,0,S,OLG,Technology,0
1238,US,1,M,OLG,Technology,0
1240,Europe,1,S,OLG,Technology,0
1245,Europe,1,S,OLG,Technology,0
1249,US,0,S,OLG,Technology,0
1252,US,1,S,OLG,Technology,0
1253,India,0,S,OLG,Technology,0
1254,US,1,XXL,OLG,Technology,0
1255,India,1,S,OLG,Technology,1
1256,US,0,S,OLG,Technology,0
1258,India,1,S,OLG,Technology,0
1263,US,1,XL,OLG,Technology,0
1268,US,1,S,OLG,Technology,0
1269,US,0,S,OLG,Technology,0
1276,US,1,XXL,OLG,E-commerce,0
1282,US,1,L,OLG,Technology,0
1285,Europe,0,S,OLG,Technology,0
1287,India,1,S,OLG,Technology,0
1290,US,1,S,OLG,Technology,0
1294,US,1,S,OLG,Technology,0
1295,India,0,S,OLG,Technology,0
1296,India,1,S,OLG,Technology,0
1300,India,0,S,OLG,Technology,0
1304,India,1,S,OLG,Technology,0
1305,US,1,S,OLG,Technology,0
1308,India,0,S,OLG,Technology,0
1309,India,1,S,OLG,Technology,0
1312,Europe,0,XL,OLG,Technology,0
1320,US,1,S,SEM,Technology,1
1321,India,0,XL,OLG,Technology,0
1323,US,1,S,OLG,Technology,0
1324,US,1,S,OLG,Technology,0
1325,US,1,S,OLG,Technology,0
1327,US,1,S,OLG,Technology,0
1334,US,0,S,OLG,Technology,0
1335,US,1,S,SEM,Technology,0
1338,US,1,XXL,OLG,Technology,0
1342,US,0,S,OLG,Technology,0
1343,US,1,S,OLG,Technology,0
1344,India,1,S,OLG,Technology,0
1345,India,0,S,OLG,Technology,0
1347,US,1,S,OLG,Technology,0
1349,Europe,1,S,OLG,Technology,0
1350,US,1,S,OLG,Technology,0
1352,US,1,S,OLG,Technology,0
1357,India,0,S,OLG,Technology,0
1358,US,1,S,OLG,Technology,0
1364,US,1,M,OLG,Technology,0
1366,US,1,S,OLG,Technology,0
1373,US,1,XXL,OLG,Technology,0
1383,US,1,S,OLG,Technology,1
1390,US,1,S,OLG,Technology,0
1391,India,0,S,OLG,Technology,0
1392,US,1,XL,OLG,Technology,0
1394,Europe,1,S,OLG,Technology,0
1396,India,0,XL,OLG,Others,0
1400,India,1,S,OLG,Technology,0
1402,US,1,L,OLG,Technology,0
1404,US,1,XL,OLG,Technology,0
1413,US,1,S,OLG,Technology,0
1415,US,1,S,OLG,Technology,0
1417,US,1,S,OLG,Technology,0
1436,US,0,XXL,OLG,Others,0
1439,India,1,S,OLG,Technology,0
1440,US,1,S,OLG,Technology,0
1441,US,1,S,OLG,Technology,0
1443,India,0,S,OLG,Technology,0
1445,US,1,S,OLG,Technology,0
1449,US,1,S,OLG,Technology,0
1450,US,1,M,OLG,Internet,0
1452,US,0,S,OLG,Technology,1
1459,US,1,S,OLG,Technology,0
1460,US,1,S,OLG,Technology,0
1462,India,0,S,OLG,Technology,0
1463,US,1,XXL,OLG,Technology,0
1464,US,1,XXL,OLG,Technology,0
1466,US,1,S,OLG,Technology,0
1471,US,1,S,OLG,Technology,1
1475,US,0,XXL,OLG,Technology,0
1477,India,1,S,OLG,Technology,0
1479,US,1,S,OLG,Technology,0
1480,Europe,1,S,OLG,Technology,0
1483,US,0,S,SEM,Technology,0
1484,India,1,S,OLG,Technology,0
1488,US,1,S,SEM,Technology,1
1489,US,0,S,OLG,Technology,0
1495,US,1,XL,OLG,Technology,0
1496,US,1,S,OLG,Technology,0
1499,US,0,XL,OLG,Others,0
1500,Europe,1,XXL,OLG,Technology,0
1502,Europe,1,S,OLG,Others,1
1504,US,1,S,OLG,Technology,0
1510,US,0,XL,OLG,Internet,0
1512,US,1,M,OLG,Technology,0
1513,US,1,S,OLG,Technology,0
1516,India,1,S,OLG,Technology,0
1518,US,1,S,OLG,Technology,0
1521,US,0,S,OLG,Technology,0
1525,US,1,M,OLG,Technology,0
1530,US,1,S,OLG,Technology,0
1531,US,1,XL,OLG,Technology,0
1533,India,1,S,OLG,Technology,0
1534,US,1,S,OLG,Technology,0
1542,Europe,0,S,OLG,Technology,0
1547,India,1,S,OLG,Technology,0
1548,Europe,0,S,OLG,Technology,0
1558,US,1,S,OLG,Technology,0
1561,US,0,S,OLG,Technology,0
1563,US,1,S,OLG,Technology,0
1565,US,0,S,OLG,Technology,0
1573,US,1,S,OLG,Technology,0
1575,Europe,1,S,OLG,Technology,0
1576,US,1,S,OLG,Technology,0
1578,US,0,S,OLG,Technology,0
1579,US,1,S,OLG,Technology,0
1581,US,1,L,OLG,Internet,1
1583,US,1,S,OLG,Technology,0
1584,US,1,S,OLG,Technology,0
1587,India,0,S,OLG,Technology,0
1589,US,1,S,OLG,Technology,0
1590,India,1,XL,OLG,Others,0
1595,US,1,S,OLG,Technology,0
1596,US,1,M,OLG,Technology,0
1597,US,1,S,OLG,Technology,0
1598,US,0,L,OLG,E-Learning,0
1607,Europe,1,S,OLG,Technology,0
1609,US,0,XL,OLG,Healthcare,0
1614,US,1,XL,OLG,Technology,0
1620,US,1,S,OLG,Technology,0
1624,US,1,S,OLG,Technology,0
1635,India,0,S,OLG,Technology,0
1636,US,1,S,OLG,Technology,0
1638,US,1,S,OLG,Technology,0
1640,India,1,S,OLG,Technology,0
1644,US,1,S,OLG,Technology,0
1648,India,0,S,OLG,Technology,0
1651,US,1,S,SEM,Technology,1
1656,US,0,XL,OLG,Technology,0
1660,India,1,S,OLG,Technology,1
1664,ANZ,1,XXL,OLG,BFSI,0
1671,India,0,S,OLG,Technology,0
1678,US,1,S,OLG,Technology,0
1682,Europe,1,S,OLG,Technology,0
1690,US,0,S,OLG,Technology,0
1691,US,1,S,OLG,Technology,0
1694,US,1,XXL,OLG,BFSI,0
1695,India,0,S,OLG,Technology,0
1697,India,1,S,OLG,Technology,0
1698,US,1,S,OLG,Technology,0
1699,India,0,S,OLG,Technology,0
1700,US,1,S,OLG,Technology,0
1703,US,1,S,OLG,Technology,0
1707,Europe,0,S,OLG,Technology,0
1711,Europe,1,S,OLG,Technology,0
1713,US,0,S,OLG,Technology,0
1714,India,0,S,OLG,Technology,0
1715,US,1,XL,OLG,Technology,0
1719,US,1,S,OLG,Technology,0
1721,India,1,S,OLG,Technology,0
1722,US,1,M,OLG,E-commerce,0
1724,India,1,S,OLG,Technology,0
1726,US,0,S,SEM,Technology,0
1727,US,1,L,OLG,Technology,0
1729,US,1,S,OLG,Technology,0
1731,US,1,S,OLG,Technology,0
1732,US,1,S,OLG,Technology,0
1734,Europe,1,S,OLG,Technology,0
1736,US,1,S,OLG,Technology,0
1740,India,0,S,OLG,Technology,0
1741,US,1,S,OLG,Technology,0
1743,US,1,L,OLG,Technology,0
1745,India,1,S,OLG,Technology,0
1746,India,1,S,OLG,Technology,0
1747,India,0,S,OLG,Technology,0
1749,India,1,S,OLG,Technology,0
1750,India,1,S,OLG,Technology,0
1751,US,0,XXL,OLG,Technology,0
1754,US,1,S,OLG,Technology,0
1757,US,1,S,OLG,Technology,0
1759,US,1,M,OLG,Technology,0
1761,US,1,S,OLG,Technology,0
1762,India,0,S,OLG,Technology,0
1763,Europe,1,S,OLG,Technology,0
1766,India,1,S,OLG,Technology,0
1768,India,0,S,OLG,Technology,0
1769,Europe,1,S,OLG,Technology,0
1774,US,1,S,SEM,Technology,1
1775,US,1,S,OLG,Technology,1
1776,India,0,S,OLG,Technology,0
1783,US,1,M,OLG,Technology,0
1786,US,1,M,OLG,Technology,0
1787,India,1,S,OLG,Technology,0
1788,US,0,XL,OLG,Technology,0
1792,US,1,XL,OLG,E-Learning,0
1795,India,1,S,OLG,Technology,0
1796,US,1,S,OLG,Technology,0
1801,India,1,S,OLG,Technology,0
1802,US,1,S,OLG,Technology,0
1803,India,0,S,OLG,Technology,0
1804,US,1,S,OLG,Technology,0
1806,US,1,L,OLG,Technology,0
1810,India,0,S,OLG,Technology,0
1813,US,1,S,OLG,Technology,0
1816,US,1,S,OLG,Technology,1
1818,India,1,XXL,OLG,Technology,0
1819,US,1,S,OLG,Technology,0
1821,US,1,S,OLG,Technology,0
1822,India,1,S,OLG,Technology,0
1829,US,1,M,OLG,Technology,0
1832,US,0,S,OLG,Technology,0
1833,Europe,0,S,OLG,Technology,0
1835,US,1,S,OLG,Technology,0
1837,India,1,S,OLG,Technology,0
1839,US,1,S,OLG,Technology,0
1849,India,0,S,OLG,Technology,0
1850,India,1,XL,OLG,M&E,1
1852,US,1,S,OLG,Technology,0
1857,Europe,1,S,OLG,Technology,0
1863,India,0,S,OLG,Technology,0
1867,US,1,S,OLG,Technology,0
1868,US,1,S,OLG,Technology,0
1869,US,1,S,OLG,Technology,0
1871,US,1,S,OLG,Technology,0
1872,US,0,M,OLG,Technology,0
1873,US,0,S,OLG,Technology,0
1874,US,1,S,OLG,Technology,0
1875,US,0,XL,OLG,Healthcare,0
1882,Europe,1,S,OLG,Technology,0
1884,India,1,XXL,OLG,Publishing,0
1889,India,0,S,OLG,Technology,0
1890,US,1,S,OLG,Technology,1
1894,Europe,0,S,OLG,Technology,0
1899,US,1,S,OLG,Technology,0
1909,US,1,S,OLG,Technology,0
1910,US,1,XL,OLG,Others,0
1913,US,1,S,OLG,Technology,0
1915,Europe,1,XXL,OLG,Technology,0
1921,ANZ,0,XXL,OLG,Technology,0
1927,US,1,S,OLG,Technology,0
1933,US,1,S,OLG,Technology,0
1935,US,1,XXL,OLG,Internet,0
1937,US,1,S,OLG,Technology,0
1938,US,0,S,OLG,Technology,0
1939,Europe,1,S,OLG,Technology,0
1942,US,1,S,OLG,Technology,0
1944,US,1,S,OLG,Technology,0
1945,Europe,1,S,OLG,Technology,0
1949,US,1,S,OLG,Technology,0
1951,India,0,S,OLG,Technology,0
1954,US,1,S,OLG,Technology,0
1960,US,1,S,OLG,Technology,0
1961,Europe,1,S,OLG,Technology,0
1962,US,1,S,References,Technology,1
1971,Europe,1,S,OLG,Technology,0
1974,US,0,S,OLG,Technology,0
1975,US,1,S,OLG,Technology,0
1980,India,0,S,OLG,Technology,0
1987,India,0,S,OLG,Technology,0
1989,US,1,S,OLG,Technology,1
1990,US,1,S,OLG,Technology,0
1992,US,1,S,OLG,Technology,0
1996,US,0,S,OLG,Technology,0
1999,US,1,S,OLG,Technology,0
2000,India,1,S,OLG,Technology,0
2001,US,1,S,OLG,Technology,0
2005,US,1,XXL,OLG,Technology,0
2006,US,1,L,OLG,Technology,0
2008,US,0,XL,OLG,Technology,0
2010,US,1,XXL,OLG,Technology,0
2013,US,1,XXL,OLG,Technology,0
2015,India,1,XXL,OLG,Others,1
2021,Asia,1,S,OLG,Technology,0
2024,Europe,1,XL,OLG,Internet,0
2027,US,0,S,OLG,Technology,0
2028,US,1,S,OLG,Technology,0
2030,US,1,M,OLG,Technology,0
2033,Asia,1,S,OLG,Technology,0
2034,US,1,S,OLG,Technology,0
2038,Europe,1,S,OLG,Technology,0
2039,US,0,S,SEM,Technology,0
2040,India,1,S,OLG,Technology,0
2041,US,0,L,OLG,Technology,0
2043,US,1,S,OLG,Technology,0
2055,India,1,S,OLG,Technology,0
2059,India,1,S,OLG,Technology,1
2063,US,1,S,OLG,Technology,0
2069,US,1,XL,OLG,Technology,0
2071,India,1,S,OLG,Technology,0
2075,ME,1,S,OLG,Technology,0
2076,US,0,S,OLG,Technology,0
2077,India,0,XL,OLG,Others,0
2086,US,1,S,OLG,Technology,0
2087,Europe,1,S,OLG,Technology,0
2089,US,0,L,OLG,Technology,0
2091,US,1,S,OLG,Technology,0
2096,US,1,S,OLG,Technology,0
2107,US,1,XXL,OLG,Others,0
2112,India,0,XXL,OLG,Technology,0
2113,US,0,S,OLG,Technology,0
2114,US,1,S,OLG,Technology,0
2122,India,1,S,OLG,Technology,0
2125,India,1,XXL,OLG,Others,1
2130,US,1,XXL,OLG,Technology,0
2140,ME,0,S,OLG,Technology,0
2143,Europe,1,S,OLG,Technology,0
2145,Europe,1,S,OLG,Technology,0
2146,India,0,S,OLG,Technology,0
2153,India,1,M,OLG,E-commerce,0
2160,Europe,1,S,OLG,Technology,0
2161,Europe,0,M,OLG,Technology,1
2162,US,1,XL,OLG,Internet,0
2166,US,1,M,OLG,Technology,0
2167,US,1,S,OLG,Technology,0
2169,US,1,XL,OLG,Technology,0
2171,US,1,S,OLG,Technology,0
2173,India,1,S,OLG,Technology,0
2175,US,1,S,OLG,Technology,0
2176,India,0,S,OLG,Technology,0
2177,Europe,1,L,OLG,Technology,0
2178,US,1,M,OLG,Technology,0
2179,US,0,S,OLG,Technology,0
2184,US,1,S,OLG,Technology,0
2186,Europe,1,S,OLG,Technology,0
2189,US,1,S,OLG,Technology,0
2200,Europe,1,S,OLG,Technology,0
2203,US,0,S,OLG,Technology,0
2215,US,1,S,OLG,Technology,0
2217,Europe,1,S,OLG,Technology,0
2218,India,1,S,OLG,Technology,0
2219,India,0,S,OLG,Technology,0
2220,US,1,M,OLG,Technology,0
2221,US,1,XXL,OLG,Technology,0
2222,India,1,S,OLG,Technology,0
2223,India,1,S,OLG,Technology,0
2225,India,0,S,OLG,Technology,0
2226,Europe,1,S,OLG,Technology,0
2227,US,1,S,OLG,Technology,0
2230,Europe,1,S,OLG,Technology,0
2237,US,0,S,OLG,Internet,1
2239,Europe,1,S,OLG,Technology,0
2242,India,1,S,OLG,Technology,0
2251,US,0,L,OLG,E-commerce,0
2253,US,1,S,OLG,Technology,0
2257,US,1,S,OLG,Technology,0
2261,India,0,S,OLG,Technology,0
2263,US,1,M,OLG,Technology,0
2264,India,0,S,OLG,Technology,0
2266,India,0,XXL,OLG,Others,1
2271,US,1,S,OLG,Technology,0
2274,US,0,XL,OLG,Internet,0
2279,India,1,S,OLG,Technology,0
2282,India,0,S,OLG,Technology,0
2284,US,1,XXL,OLG,Technology,0
2287,India,0,XL,OLG,Others,1
2291,Europe,1,XL,OLG,Technology,0
2295,Europe,1,L,OLG,Technology,0
2299,India,1,S,OLG,Technology,0
2309,US,1,S,OLG,Technology,0
2316,India,0,S,OLG,Technology,0
2317,US,1,S,OLG,Technology,0
2318,Europe,1,S,OLG,Technology,0
2319,India,0,S,OLG,Technology,0
2321,US,1,XXL,OLG,Technology,0
2324,US,1,XL,OLG,Technology,0
2328,Europe,0,S,OLG,Technology,0
2329,India,1,XL,OLG,Others,1
2331,Europe,1,S,OLG,Technology,0
2333,Europe,0,S,OLG,Technology,0
2334,India,1,XL,OLG,Others,0
2337,India,1,S,OLG,Technology,0
2343,Europe,1,S,OLG,Technology,0
2345,ANZ,0,M,OLG,Technology,0
2346,US,1,XL,OLG,Technology,0
2349,Asia,0,XXL,OLG,Technology,0
2350,US,1,S,OLG,Healthcare,0
2351,ME,1,S,OLG,Technology,0
2353,US,0,S,OLG,Technology,0
2359,Europe,1,S,OLG,Technology,0
2364,US,1,M,OLG,Technology,0
2367,India,1,S,OLG,Technology,0
2369,US,1,L,OLG,Technology,0
2376,US,1,S,OLG,Technology,0
2378,US,1,XL,OLG,Technology,0
2382,US,1,S,OLG,Technology,0
2390,US,1,S,OLG,Technology,0
2395,US,0,L,OLG,Technology,0
2396,India,1,S,OLG,Technology,0
2400,US,1,XXL,OLG,Technology,0
2409,India,0,S,OLG,Technology,0
2410,India,1,S,OLG,Technology,0
2411,Europe,1,S,OLG,Technology,0
2413,US,1,S,OLG,Technology,0
2415,India,0,S,OLG,Technology,0
2417,Europe,1,S,OLG,Technology,0
2420,US,1,L,OLG,Technology,0
2422,US,1,S,OLG,Technology,0
2424,India,0,S,OLG,Technology,0
2425,US,1,S,OLG,Technology,1
2432,Europe,1,S,OLG,Technology,0
2434,India,1,S,OLG,Technology,0
2441,Europe,1,S,OLG,Technology,0
2445,US,1,S,OLG,Technology,0
2447,US,0,M,OLG,Technology,0
2448,India,1,S,OLG,Technology,0
2449,India,0,S,OLG,Technology,0
2452,Europe,1,S,OLG,Technology,1
2457,Europe,1,XL,OLG,Technology,0
2460,US,1,XXL,OLG,Technology,0
2465,India,1,S,OLG,Technology,0
2466,India,1,S,OLG,Technology,0
2469,US,0,S,OLG,Technology,0
2473,US,1,XXL,OLG,E-Learning,0
2481,US,0,XXL,OLG,Technology,0
2484,Europe,1,S,OLG,Technology,0
2485,Europe,1,S,OLG,Technology,0
2486,Europe,1,L,OLG,Technology,0
2490,US,0,XL,OLG,Technology,0
2492,US,1,S,OLG,Technology,0
2495,US,1,S,OLG,Technology,0
2496,US,1,S,OLG,Technology,0
2499,India,1,XL,OLG,Publishing,1
2500,India,1,S,OLG,Technology,0
2502,India,0,S,OLG,Technology,0
2506,US,1,S,OLG,Technology,0
2509,US,1,L,OLG,Internet,0
2515,US,1,S,OLG,Technology,0
2517,US,1,S,OLG,Technology,0
2518,India,1,S,OLG,Technology,1
2520,India,0,S,OLG,Technology,0
2521,India,1,S,OLG,Technology,0
2522,India,0,XXL,OLG,E-Learning,1
2527,US,1,S,OLG,Technology,0
2529,India,0,S,OLG,Technology,1
2530,US,1,S,SEM,Technology,1
2532,India,0,S,OLG,Technology,0
2536,India,1,S,OLG,Technology,0
2537,India,1,S,OLG,Technology,0
2539,India,0,S,OLG,Technology,0
2547,India,1,XL,OLG,E-commerce,0
2549,Europe,1,S,OLG,Technology,0
2552,US,1,S,OLG,Technology,0
2561,India,0,S,OLG,Technology,0
2564,US,1,S,OLG,Technology,0
2565,India,1,S,OLG,Technology,0
2569,US,1,L,OLG,Technology,0
2571,US,1,S,OLG,Technology,0
2572,India,1,XL,OLG,E-commerce,0
2574,India,0,S,OLG,Technology,0
2575,US,1,S,OLG,Technology,0
2578,India,1,S,OLG,Technology,0
2580,India,0,S,OLG,Technology,0
2585,US,1,S,OLG,Technology,0
2592,Europe,1,S,OLG,Technology,0
2598,US,1,S,OLG,Technology,0
2600,India,0,S,OLG,Technology,0
2601,Europe,1,S,OLG,Technology,0
2608,India,1,S,OLG,Technology,0
2616,US,1,S,OLG,Technology,0
2617,US,0,L,OLG,Technology,0
2621,US,1,S,OLG,Technology,0
2623,Europe,0,S,OLG,Technology,0
2625,India,1,S,OLG,Technology,0
2631,India,1,S,OLG,Technology,0
2632,US,1,S,OLG,Technology,0
2634,US,1,S,OLG,Technology,0
2635,US,0,XXL,OLG,Technology,0
2640,US,1,M,OLG,Technology,0
2645,US,1,S,OLG,Technology,0
2647,US,1,S,OLG,Technology,0
2656,US,0,L,OLG,Technology,0
2657,US,1,S,OLG,Technology,0
2658,India,0,S,OLG,Technology,0
2661,US,1,S,OLG,Technology,0
2665,US,1,S,OLG,Technology,0
2668,India,1,S,OLG,Technology,0
2670,US,1,S,OLG,Technology,0
2675,India,0,S,OLG,Technology,0
2676,US,1,S,OLG,Technology,0
2680,India,1,S,OLG,Technology,0
2681,India,0,S,OLG,Technology,0
2690,US,1,S,OLG,Technology,0
2691,US,1,S,OLG,Technology,0
2692,India,1,M,OLG,Internet,0
2694,India,0,S,OLG,Technology,0
2698,US,1,S,OLG,Technology,0
2699,India,1,S,OLG,Technology,0
2705,US,0,S,OLG,Technology,0
2710,Europe,1,S,OLG,Technology,0
2713,US,1,XL,OLG,Technology,0
2716,India,1,S,OLG,Technology,0
2717,India,0,S,OLG,Technology,0
2719,Europe,1,XL,OLG,Technology,0
2721,US,1,S,OLG,Technology,0
2724,Europe,1,S,OLG,Technology,0
2725,US,1,S,OLG,Technology,0
2726,US,0,S,OLG,Technology,0
2728,US,1,S,OLG,Technology,0
2731,ANZ,1,XXL,OLG,Others,1
2732,US,1,S,OLG,Technology,0
2737,Europe,1,S,OLG,Technology,0
2739,Europe,1,S,OLG,Technology,0
2741,Europe,0,S,OLG,Technology,0
2742,India,0,S,OLG,Technology,0
2748,India,1,M,OLG,Technology,0
2751,India,1,S,OLG,Technology,0
2753,US,1,S,OLG,Technology,0
2755,US,1,S,OLG,Technology,0
2758,US,1,S,OLG,Technology,0
2761,US,1,S,OLG,Technology,0
2764,Europe,1,S,OLG,Technology,0
2765,US,1,S,OLG,Technology,0
2766,India,1,S,OLG,Technology,0
2768,US,1,S,OLG,Technology,0
2773,US,1,S,OLG,Technology,0
2775,Europe,0,S,OLG,Technology,0
2780,US,1,XXL,OLG,Technology,0
2782,US,1,M,OLG,Technology,0
2783,India,1,S,OLG,Technology,0
2785,US,1,S,OLG,Technology,0
2787,Europe,1,S,OLG,Technology,0
2788,India,0,S,OLG,Technology,0
2789,Europe,1,S,OLG,Technology,0
2790,US,0,S,OLG,Technology,0
2796,India,1,S,OLG,Technology,0
2797,US,0,S,OLG,Technology,0
2803,India,1,S,OLG,Technology,0
2805,US,0,S,OLG,Technology,0
2807,Europe,1,S,OLG,Technology,0
2811,US,1,S,OLG,Technology,0
2818,India,1,S,OLG,Technology,0
2822,US,1,S,OLG,Technology,0
2829,India,0,S,OLG,Technology,0
2836,US,1,S,OLG,Technology,0
2837,US,1,S,OLG,Technology,0
2839,India,1,S,OLG,Technology,0
2841,Europe,1,S,OLG,Technology,0
2842,Europe,0,XL,OLG,Technology,0
2846,US,1,S,OLG,Technology,0
2852,US,0,XXL,OLG,Technology,0
2857,US,1,L,OLG,Technology,0
2860,Europe,0,S,OLG,Technology,0
2865,US,1,XXL,OLG,BFSI,0
2873,US,1,S,OLG,Technology,0
2881,India,1,S,OLG,Technology,0
2883,US,0,S,OLG,Technology,0
2884,Europe,1,S,OLG,Technology,0
2886,India,0,S,OLG,Technology,0
2887,US,1,L,OLG,Technology,0
2889,US,1,S,Inter Company,Technology,1
2892,India,0,S,OLG,Technology,0
2893,India,1,S,OLG,Technology,0
2895,India,1,S,OLG,Technology,0
2897,India,1,S,OLG,Technology,0
2899,India,0,S,OLG,Technology,0
2900,US,1,S,OLG,Technology,0
2905,US,1,M,OLG,Healthcare,0
2907,India,1,S,OLG,Technology,0
2908,India,0,S,OLG,Technology,0
2909,US,1,XXL,OLG,Consumer Electronics,1
2910,India,1,S,OLG,Technology,0
2916,US,1,S,OLG,Technology,0
2919,Europe,1,S,OLG,Technology,0
2920,India,0,S,OLG,Technology,0
2922,Europe,1,S,OLG,Technology,0
2932,US,1,L,OLG,Technology,0
2935,US,1,L,OLG,Technology,0
2937,US,1,XL,OLG,Education,0
2939,US,1,S,OLG,Technology,0
2952,Europe,1,S,OLG,Technology,0
2957,US,0,L,OLG,Technology,0
2958,US,1,S,OLG,Technology,0
2962,India,0,S,OLG,Technology,0
2963,India,1,S,OLG,Technology,0
2964,India,0,S,OLG,Technology,1
2966,India,1,S,OLG,Technology,0
2968,US,1,XL,OLG,Technology,0
2970,US,1,S,OLG,Internet,0
2973,US,1,S,OLG,Technology,0
2976,US,1,S,OLG,Technology,0
2982,US,0,XL,OLG,Technology,0
2986,US,1,S,OLG,Technology,0
2987,India,1,S,OLG,Technology,0
2989,India,0,S,OLG,Technology,0
2994,US,1,S,OLG,Technology,0
2995,US,1,XXL,OLG,Consumer Electronics,0
2998,India,1,S,OLG,Technology,0
3001,US,0,S,OLG,Technology,0
3005,US,1,S,OLG,Technology,0
3008,US,1,S,OLG,Technology,0
3009,US,1,S,OLG,Technology,0
3018,US,1,S,OLG,Technology,0
3028,India,0,S,OLG,Technology,0
3030,Europe,1,S,OLG,Technology,0
3034,US,0,S,OLG,Technology,0
3040,India,1,S,OLG,Technology,1
3041,US,0,S,OLG,Technology,0
3047,US,1,L,OLG,Technology,0
3054,US,1,XXL,OLG,Technology,0
3056,India,1,S,OLG,Technology,0
3057,US,0,XXL,OLG,Technology,0
3059,ANZ,0,L,OLG,Technology,0
3061,Europe,1,S,OLG,Technology,0
3066,US,1,S,OLG,Technology,0
3067,US,1,S,OLG,Technology,0
3069,Europe,0,XXL,OLG,Technology,0
3072,US,1,S,SEM,Technology,0
3073,US,0,S,OLG,Technology,0
3074,US,1,S,OLG,Technology,1
3076,India,0,S,OLG,Technology,0
3077,India,0,S,OLG,Technology,0
3082,India,1,S,OLG,Technology,0
3084,India,0,S,OLG,Technology,0
3086,Europe,1,S,OLG,Technology,0
3087,Europe,0,S,OLG,Technology,0
3090,US,1,S,OLG,Technology,0
3095,India,1,S,OLG,Technology,0
3099,India,0,S,OLG,Technology,0
3102,US,1,S,OLG,Technology,0
3109,Europe,1,S,OLG,Technology,0
3111,India,0,S,OLG,Technology,0
3112,Europe,1,S,OLG,Technology,0
3119,Europe,1,S,OLG,Technology,0
3128,US,1,S,OLG,Technology,0
3129,US,1,S,OLG,Technology,0
3131,Europe,1,S,OLG,Technology,0
3135,US,0,S,OLG,Technology,1
3136,India,0,XL,OLG,M&E,0
3143,US,1,S,OLG,Technology,0
3146,US,1,L,OLG,Technology,0
3154,India,1,S,OLG,Technology,0
3159,US,1,S,OLG,Technology,0
3163,US,1,S,OLG,Technology,0
3168,India,0,S,OLG,Technology,0
3171,US,1,S,OLG,Technology,0
3173,India,1,S,OLG,Technology,0
3175,India,0,S,OLG,Technology,0
3176,India,1,S,OLG,Technology,0
3183,US,1,S,OLG,Technology,0
3185,India,1,S,OLG,Technology,0
3188,US,0,S,OLG,Technology,0
3192,US,1,S,OLG,Technology,0
3194,Europe,1,XL,OLG,Technology,0
3199,India,1,S,OLG,Technology,0
3201,India,1,S,OLG,Technology,0
3203,India,1,S,OLG,Technology,0
3211,US,0,L,OLG,Technology,0
3216,US,1,S,OLG,Technology,0
3220,India,0,S,OLG,Technology,0
3222,India,1,S,OLG,Technology,0
3223,India,0,S,OLG,Technology,0
3225,US,1,XL,OLG,Technology,0
3226,India,1,S,OLG,Technology,0
3227,India,0,S,OLG,Technology,0
3229,India,1,S,OLG,Technology,0
3230,US,0,S,OLG,Technology,0
3238,Europe,1,XXL,OLG,Technology,0
3240,India,1,S,OLG,Technology,0
3242,Europe,1,S,OLG,Technology,0
3243,Europe,0,S,OLG,Technology,0
3250,US,1,S,OLG,Technology,0
3253,India,1,S,OLG,Technology,0
3254,India,1,S,OLG,Technology,0
3256,US,1,S,OLG,Technology,0
3262,India,0,S,OLG,Technology,0
3268,India,1,S,OLG,Technology,0
3270,India,0,S,OLG,Technology,0
3272,US,1,S,OLG,Technology,1
3282,India,1,S,OLG,Technology,0
3284,Europe,1,XS,OLG,Others,0
3288,India,0,S,OLG,Technology,0
3289,US,1,XL,OLG,Technology,0
3291,US,1,S,OLG,Technology,0
3292,India,1,S,OLG,Technology,0
3293,India,1,S,OLG,Technology,0
3296,US,1,S,OLG,Technology,0
3300,ANZ,1,S,OLG,Technology,0
3301,India,0,S,OLG,Technology,0
3302,India,1,XL,OLG,Healthcare,0
3306,US,1,S,OLG,Technology,0
3312,US,1,S,OLG,Technology,0
3313,Europe,0,S,OLG,Technology,0
3314,India,1,S,OLG,Technology,0
3315,India,0,S,OLG,Technology,0
3316,US,1,S,OLG,Technology,0
3326,India,0,S,OLG,Technology,0
3328,US,1,XXL,OLG,Internet,0
3334,US,1,S,OLG,Technology,0
3336,US,1,S,OLG,Technology,0
3342,US,1,S,OLG,Technology,0
3343,US,1,S,OLG,Technology,0
3349,India,1,S,OLG,Technology,0
3354,India,1,S,OLG,Technology,0
3355,India,0,S,OLG,Technology,0
3356,India,1,S,OLG,Technology,0
3360,US,0,L,OLG,Technology,0
3366,Europe,1,XXL,OLG,Technology,0
3368,India,1,S,OLG,Technology,0
3369,US,1,S,OLG,Technology,0
3372,India,0,S,OLG,Technology,0
3379,Europe,1,S,OLG,Technology,0
3380,India,0,XXL,OLG,Internet,1
3382,US,1,XXL,OLG,Technology,0
3383,US,0,XXL,OLG,Technology,0
3390,US,1,L,OLG,Technology,0
3392,US,1,XXL,OLG,Technology,0
3393,Europe,0,S,OLG,Technology,0
3395,Europe,1,L,OLG,Technology,0
3397,US,1,XXL,OLG,Technology,1
3404,US,1,L,OLG,Technology,0
3408,US,1,S,OLG,Technology,0
3410,US,1,S,OLG,Technology,0
3414,India,1,S,OLG,Technology,0
3416,Europe,1,S,OLG,Technology,0
3418,US,0,S,SEM,Technology,0
3420,US,1,S,OLG,Technology,0
3423,India,1,S,OLG,Technology,0
3425,US,1,XL,OLG,Technology,0
3426,Europe,0,XXL,OLG,Technology,0
3429,US,1,S,OLG,Technology,0
3432,India,0,S,OLG,Technology,0
3436,Europe,1,S,OLG,Technology,0
3438,US,1,S,OLG,Technology,0
3440,US,1,S,OLG,Technology,0
3441,US,1,S,OLG,Technology,0
3444,US,1,S,OLG,Technology,0
3448,India,1,S,OLG,Technology,0
3451,US,1,XL,OLG,Others,0
3456,US,0,S,OLG,Technology,0
3459,US,1,M,OLG,Technology,0
3460,US,1,S,OLG,Technology,0
3462,US,0,S,OLG,Technology,0
3463,India,1,XL,OLG,Publishing,1
3466,India,1,S,OLG,Technology,0
3471,India,1,S,OLG,Technology,0
3474,India,0,XXL,OLG,Publishing,1
3488,India,1,S,OLG,Technology,0
3489,India,1,S,OLG,Technology,0
3490,US,1,S,OLG,Technology,0
3491,US,0,S,OLG,Technology,0
3495,India,1,XXL,OLG,E-Learning,1
3501,India,0,S,OLG,Technology,0
3503,India,1,L,OLG,Internet,0
3505,India,1,S,OLG,Technology,0
3508,India,0,S,OLG,Technology,0
3512,India,1,S,OLG,Technology,1
3514,India,1,S,OLG,Technology,0
3519,US,0,S,OLG,Technology,1
3520,India,1,S,OLG,Technology,0
3524,India,1,XL,OLG,E-commerce,0
3527,US,1,S,OLG,Technology,0
3529,US,0,S,OLG,Technology,0
3530,US,1,S,OLG,Technology,0
3535,US,1,L,OLG,Technology,0
3539,Europe,1,L,OLG,Technology,0
3541,US,1,S,OLG,Technology,0
3545,US,1,S,OLG,Technology,0
3546,India,0,S,OLG,Technology,0
3547,US,1,L,OLG,Technology,0
3549,US,1,S,OLG,Technology,0
3551,Europe,1,S,OLG,Technology,0
3553,US,0,L,OLG,Technology,0
3564,US,1,S,OLG,Technology,0
3565,India,1,S,OLG,Technology,0
3566,India,1,S,OLG,Technology,0
3574,US,1,S,OLG,Technology,0
3579,US,1,M,OLG,Technology,0
3582,US,0,S,OLG,Technology,0
3593,India,1,S,OLG,Technology,0
3594,US,0,S,OLG,Technology,0
3595,US,1,XXL,OLG,Technology,0
3596,Europe,1,M,OLG,Technology,0
3602,US,1,L,OLG,Technology,0
3608,US,1,S,OLG,Technology,0
3615,US,1,S,OLG,Technology,0
3616,ANZ,0,XL,OLG,Technology,0
3617,US,1,S,OLG,Technology,0
3619,US,1,L,OLG,Technology,0
3620,US,1,S,OLG,Technology,0
3623,US,0,XL,OLG,Technology,0
3629,ME,1,S,OLG,Technology,0
3633,ANZ,1,S,OLG,Technology,0
3635,India,1,S,OLG,Technology,0
3638,India,0,S,OLG,Technology,0
3642,US,1,S,OLG,Technology,0
3644,India,1,XXL,OLG,Consumer Electronics,1
3647,Europe,1,L,OLG,Technology,0
3649,India,0,S,OLG,Technology,0
3650,US,1,XL,OLG,Technology,0
3654,US,1,S,OLG,Technology,0
3656,Africa,1,XXL,OLG,Technology,0
3657,India,0,S,OLG,Technology,0
3660,India,1,S,OLG,Technology,0
3662,India,1,S,OLG,Technology,0
3664,US,1,XL,OLG,Internet,0
3667,US,1,S,OLG,Technology,0
3669,US,0,XL,OLG,Technology,0
3670,US,1,S,OLG,Technology,0
3671,US,1,S,OLG,Technology,0
3673,India,1,S,OLG,Technology,0
3674,India,1,S,OLG,Technology,0
3675,India,0,S,OLG,Technology,0
3676,Europe,0,XL,OLG,Technology,0
3678,US,1,XL,OLG,Technology,0
3679,US,1,S,OLG,Technology,0
3680,India,1,S,OLG,Technology,0
3681,US,1,L,OLG,Technology,0
3683,Europe,1,S,OLG,Technology,0
3684,US,1,S,OLG,Technology,0
3685,US,0,S,SEM,Technology,0
3686,Europe,1,S,OLG,Technology,0
3689,US,0,L,OLG,Publishing,0
3694,India,1,S,OLG,Technology,0
3695,Europe,0,S,OLG,Technology,0
3696,US,1,S,OLG,Technology,1
3697,Europe,1,S,OLG,Technology,0
3699,Europe,1,S,OLG,Technology,0
3701,US,1,S,OLG,Technology,0
3702,US,1,L,OLG,Technology,0
3704,US,1,S,OLG,Technology,0
3707,Europe,1,S,OLG,Technology,0
3712,India,0,S,OLG,Technology,0
3713,India,1,XL,OLG,E-commerce,0
3719,US,1,XXL,OLG,Others,0
3723,US,1,S,OLG,Technology,0
3727,India,0,S,OLG,Technology,0
3734,US,1,XS,OLG,Technology,0
3743,US,1,S,OLG,Technology,0
3745,US,0,S,SEM,Technology,0
3746,India,1,XL,OLG,E-commerce,0
3747,Europe,1,S,OLG,Technology,0
3748,India,0,S,OLG,Technology,0
3755,US,0,S,OLG,Technology,0
3758,US,1,S,OLG,Technology,0
3760,India,1,S,OLG,Technology,0
3763,US,0,S,SEM,Technology,0
3764,India,1,S,OLG,Technology,0
3768,US,1,S,OLG,Technology,0
3769,Europe,0,XS,OLG,Technology,0
3770,US,1,S,OLG,Technology,0
3771,US,1,S,OLG,Technology,0
3775,Europe,1,S,OLG,Technology,0
3777,Europe,0,S,OLG,Technology,0
3779,Europe,1,S,OLG,Technology,0
3781,US,1,L,OLG,Technology,0
3790,US,1,S,OLG,Technology,0
3793,India,1,S,OLG,Technology,0
3795,India,1,S,OLG,Technology,0
3796,India,0,S,OLG,Technology,0
3797,Europe,1,S,OLG,Technology,0
3799,India,1,S,OLG,Technology,0
3801,India,1,S,OLG,Technology,0
3802,US,1,S,OLG,Technology,0
3805,India,0,L,OLG,Internet,0
3810,India,1,S,OLG,Technology,1
3812,India,0,S,OLG,Technology,1
3819,US,1,M,OLG,Technology,0
3820,Europe,0,S,OLG,Technology,0
3821,India,1,S,OLG,Technology,0
3822,Europe,1,S,OLG,Technology,0
3824,Europe,1,S,OLG,Technology,0
3826,India,0,S,OLG,Technology,0
3827,Europe,1,S,OLG,Technology,0
3829,US,1,XXL,OLG,Technology,0
3832,US,1,L,OLG,Technology,0
3834,US,1,S,OLG,Technology,0
3836,US,1,S,OLG,Technology,0
3838,US,1,L,OLG,Technology,0
3841,US,1,S,OLG,Technology,0
3843,India,0,S,OLG,Technology,0
3844,US,1,S,OLG,Technology,0
3850,India,0,S,OLG,Technology,0
3851,Europe,1,S,OLG,Technology,0
3853,India,1,S,OLG,Technology,0
3854,US,0,S,OLG,Technology,0
3855,US,1,L,OLG,Technology,0
3858,US,1,S,OLG,Technology,0
3859,US,1,S,OLG,Technology,0
3884,India,1,S,OLG,Technology,0
3885,India,0,S,OLG,Technology,0
3886,India,1,S,OLG,Technology,0
3888,US,1,XXL,OLG,Technology,0
3892,India,0,S,OLG,Technology,0
3895,India,1,S,OLG,Technology,0
3898,US,1,S,OLG,Technology,0
3900,India,0,S,OLG,Technology,0
3901,US,1,S,OLG,Technology,0
3902,India,1,S,OLG,Technology,0
3903,India,0,S,OLG,Technology,0
3904,India,1,S,OLG,Technology,0
3905,India,0,S,OLG,Technology,0
3906,US,0,XL,OLG,Technology,0
3908,US,1,M,OLG,Technology,0
3909,India,1,S,OLG,Technology,0
3911,US,1,M,OLG,Technology,0
3912,US,1,XS,OLG,Technology,0
3917,India,1,S,OLG,Technology,0
3919,US,0,S,OLG,Technology,0
3927,India,0,S,OLG,Technology,0
3929,Europe,1,S,OLG,Technology,0
3932,US,1,S,OLG,Technology,0
3938,India,1,S,OLG,Technology,0
3946,US,0,S,OLG,Technology,0
3951,US,1,M,OLG,Technology,0
3953,India,0,S,OLG,Technology,0
3956,US,1,XL,OLG,Technology,0
3958,Europe,1,S,OLG,Technology,0
3960,India,1,S,OLG,Technology,0
3961,India,0,S,OLG,Technology,0
3962,US,1,S,OLG,Technology,0
3963,US,1,S,OLG,Technology,0
3970,India,1,S,OLG,Technology,0
3973,US,0,S,OLG,Technology,0
3974,US,1,S,OLG,Technology,0
3975,India,1,S,OLG,Technology,0
3976,India,0,S,OLG,Technology,0
3977,US,1,S,OLG,Technology,0
3978,India,0,S,OLG,Technology,0
3981,India,1,S,OLG,Technology,0
3984,US,1,S,OLG,Technology,0
3985,US,0,S,SEM,Technology,0
3986,US,1,S,OLG,Technology,0
3989,US,0,S,SEM,Technology,1
3991,US,1,M,OLG,Technology,0
3992,India,1,L,OLG,E-commerce,0
3994,US,1,L,OLG,E-commerce,0
3999,US,1,S,OLG,Technology,0
4002,US,1,XL,OLG,Consumer Electronics,0
4005,US,1,S,OLG,Technology,0
4009,Europe,0,S,OLG,Technology,0
4010,US,1,XL,SEM,Others,1
4011,Europe,1,S,OLG,Technology,0
4016,US,1,XL,OLG,Others,0
4019,US,0,S,SEM,Technology,1
4027,US,1,S,OLG,Technology,0
4029,India,0,S,OLG,Technology,0
4030,India,1,S,OLG,Technology,0
4033,India,0,S,OLG,Technology,0
4036,US,1,S,OLG,Technology,0
4037,Europe,1,S,OLG,Technology,0
4039,US,1,S,OLG,Technology,0
4057,US,1,S,OLG,Technology,0
4062,US,1,XXL,OLG,Others,0
4073,India,0,S,OLG,Technology,0
4075,Europe,1,S,OLG,Technology,0
4076,Europe,0,S,OLG,Technology,0
4080,India,1,XL,OLG,E-commerce,0
4083,US,1,S,OLG,Technology,0
4084,India,1,S,OLG,Technology,0
4085,US,0,S,OLG,Technology,0
4089,US,1,XL,OLG,Internet,0
4093,India,0,S,OLG,Technology,0
4094,US,1,XXL,OLG,Others,1
4098,US,0,S,OLG,Technology,0
4099,US,1,S,SEM,Technology,0
4100,US,1,S,OLG,Technology,0
4102,India,0,S,OLG,Technology,0
4104,US,1,M,OLG,Technology,0
4105,US,0,S,OLG,Technology,0
4114,US,1,XXL,OLG,Technology,0
4115,India,1,S,OLG,Technology,0
4123,Europe,0,S,OLG,Technology,0
4125,India,1,S,OLG,Technology,0
4130,US,1,XL,OLG,Technology,0
4133,US,1,S,OLG,Technology,0
4137,US,1,S,OLG,Technology,0
4142,US,0,XL,OLG,Technology,0
4143,US,0,XXL,OLG,Technology,0
4147,US,1,M,OLG,Internet,0
4148,US,1,XXL,OLG,Technology,0
4156,US,1,L,OLG,E-commerce,0
4157,US,1,S,OLG,Technology,0
4173,Europe,1,S,OLG,Technology,0
4175,US,1,S,OLG,Technology,0
4176,US,1,S,OLG,Technology,0
4178,India,1,S,OLG,Technology,0
4179,Europe,1,S,OLG,Technology,0
4184,US,0,S,OLG,Technology,0
4189,Europe,1,S,OLG,Technology,0
4193,US,0,S,OLG,Technology,0
4195,Europe,0,S,OLG,Technology,0
4200,India,1,S,OLG,Technology,1
4224,US,1,S,OLG,Technology,0
4225,India,0,S,OLG,Technology,0
4226,India,1,S,OLG,Technology,0
4227,US,1,L,OLG,Technology,0
4230,US,0,S,SEM,Technology,0
4231,US,1,S,OLG,Technology,0
4238,India,1,S,OLG,Technology,0
4239,India,1,XXL,OLG,Internet,1
4248,India,0,S,OLG,Technology,0
4249,US,1,L,OLG,Technology,0
4251,India,0,S,OLG,Technology,0
4255,India,1,S,OLG,Technology,0
4256,Europe,1,S,OLG,Technology,0
4257,US,1,S,OLG,Technology,0
4260,India,0,S,OLG,Technology,0
4265,US,1,S,OLG,Technology,0
4283,ME,0,XXL,OLG,Others,0
4284,US,1,S,OLG,Technology,0
4287,US,1,XXL,OLG,Others,0
4294,Europe,1,L,OLG,Technology,0
4299,US,1,M,OLG,Technology,0
4300,US,1,S,OLG,Technology,0
4304,US,1,S,OLG,Technology,0
4306,US,1,L,OLG,Internet,0
4308,US,1,S,OLG,Technology,0
4319,US,1,XXL,OLG,Technology,0
4325,US,0,S,OLG,Technology,0
4328,India,1,S,OLG,Technology,0
4332,Europe,1,M,OLG,Technology,0
4333,India,0,S,OLG,Technology,0
4337,US,1,S,SEM,Technology,1
4338,India,1,S,OLG,Technology,0
4341,US,1,XXL,OLG,FMCG,1
4353,US,1,S,OLG,Technology,0
4357,US,0,S,OLG,Technology,0
4369,India,1,S,OLG,Technology,0
4375,US,0,S,OLG,Technology,0
4377,US,1,XL,OLG,Internet,0
4381,Europe,1,S,OLG,Technology,0
4389,India,0,S,OLG,Technology,0
4390,India,1,S,OLG,Technology,0
4391,ANZ,1,XXL,OLG,Technology,0
4397,Europe,1,S,OLG,Technology,0
4398,India,0,S,OLG,Technology,0
4404,US,1,S,SEM,Technology,1
4409,Europe,1,S,OLG,Technology,0
4412,US,1,S,OLG,Technology,0
4413,US,1,S,OLG,Technology,0
4417,Europe,1,XXL,OLG,Technology,0
4419,US,1,S,OLG,Technology,0
4422,US,1,L,OLG,Technology,0
4424,US,1,L,OLG,Internet,0
4425,US,0,S,SEM,Technology,0
4426,US,1,S,OLG,Technology,0
4429,India,1,S,OLG,Technology,0
4438,US,0,S,OLG,Technology,0
4439,US,1,S,OLG,Technology,0
4443,US,1,S,OLG,Technology,0
4450,Europe,1,S,OLG,Technology,0
4458,US,1,XL,OLG,Technology,0
4462,India,0,S,OLG,Technology,0
4463,US,1,S,OLG,Technology,0
4465,Europe,1,S,OLG,Technology,0
4475,Europe,1,S,OLG,Technology,0
4476,Europe,1,S,OLG,Technology,0
4477,US,1,S,OLG,Technology,0
4478,Europe,0,M,OLG,Technology,0
4488,India,1,L,Website,E-commerce,0
4492,US,0,S,OLG,Technology,0
4493,US,0,S,OLG,Technology,0
4494,Europe,1,L,OLG,Technology,0
4499,US,0,S,OLG,Technology,0
4502,US,1,S,OLG,Technology,0
4508,India,0,S,OLG,Technology,0
4510,India,1,S,OLG,Technology,0
4511,US,1,M,OLG,Technology,0
4513,US,1,S,OLG,Technology,0
4515,Asia,1,S,OLG,Technology,0
4517,US,0,S,OLG,Technology,0
4518,Europe,1,S,OLG,Technology,0
4521,US,1,S,OLG,Technology,0
4523,India,1,S,OLG,Technology,0
4527,US,0,S,OLG,Technology,0
4531,US,1,S,OLG,Technology,0
4539,US,1,S,OLG,Technology,0
4549,US,1,S,OLG,Technology,0
4550,Europe,1,S,OLG,Technology,0
4554,India,0,S,OLG,Technology,0
4557,US,1,S,OLG,Technology,0
4558,US,1,S,OLG,Technology,0
4559,US,0,XL,OLG,Technology,0
4561,US,1,M,OLG,Internet,0
4567,US,1,XXL,OLG,Technology,0
4568,US,1,S,OLG,Technology,0
4573,Europe,1,S,OLG,Technology,0
4580,India,1,S,OLG,Technology,0
4582,US,1,XXL,OLG,Technology,0
4585,US,1,L,OLG,Technology,0
4588,US,1,S,OLG,Technology,0
4593,Europe,1,S,OLG,Technology,0
4596,India,0,XL,OLG,E-commerce,1
4602,India,1,S,OLG,Technology,0
4603,US,1,S,OLG,Technology,0
4604,US,1,S,OLG,Technology,0
4608,India,0,S,OLG,Technology,0
4611,India,1,S,OLG,Technology,0
4614,India,0,S,OLG,Technology,0
4616,US,1,S,OLG,Technology,0
4617,India,1,S,OLG,Technology,0
4619,India,1,S,OLG,Technology,0
4620,India,0,S,OLG,Technology,0
4621,India,1,S,OLG,Technology,0
4622,US,0,S,OLG,Technology,0
4624,US,1,S,OLG,Technology,0
4628,US,1,S,OLG,Technology,0
4630,US,0,XXL,OLG,Internet,0
4631,India,0,S,OLG,Technology,0
4632,US,1,L,OLG,Internet,0
4634,US,1,S,OLG,Technology,0
4636,Europe,1,S,OLG,Technology,0
4637,US,0,S,SEM,Technology,1
4639,US,1,XL,OLG,Technology,0
4640,India,1,XXL,OLG,E-commerce,1
4647,Europe,0,XXL,OLG,Technology,0
4650,India,1,S,OLG,Technology,0
4651,ANZ,1,XXL,OLG,BFSI,0
4653,US,1,XXL,OLG,Automobile,0
4655,US,1,S,OLG,Technology,0
4656,US,1,S,OLG,Technology,0
4662,Europe,1,XL,OLG,Technology,0
4665,India,1,S,OLG,Technology,0
4671,US,0,S,OLG,Technology,0
4672,India,1,S,OLG,Technology,0
4674,US,1,XL,OLG,Others,0
4679,US,1,S,OLG,Technology,0
4680,Europe,1,S,OLG,Technology,0
4682,US,0,S,OLG,Technology,0
4684,India,0,S,OLG,Technology,0
4687,India,0,S,OLG,Technology,0
4688,Europe,1,XL,OLG,Technology,0
4694,India,1,S,OLG,Technology,0
4695,India,0,S,OLG,Technology,0
4697,US,1,S,OLG,Technology,0
4707,Europe,1,S,OLG,Technology,0
4712,US,1,S,OLG,Technology,0
4713,ME,1,S,OLG,Technology,0
4714,US,0,S,OLG,Technology,0
4715,US,1,S,OLG,Technology,0
4716,US,1,S,OLG,Technology,0
4718,Europe,1,XL,OLG,Technology,0
4719,India,0,S,OLG,Technology,0
4720,Europe,1,L,OLG,Technology,0
4722,US,1,S,OLG,Technology,0
4731,US,0,S,OLG,Technology,0
4733,US,1,XL,OLG,Others,0
4738,Europe,0,S,OLG,Technology,0
4739,India,1,S,OLG,Technology,0
4744,US,1,S,OLG,Technology,0
4749,India,0,XXL,OLG,Others,1
4755,Europe,0,XL,OLG,Technology,0
4757,US,0,S,OLG,Technology,0
4761,US,1,S,OLG,Technology,0
4767,India,0,S,OLG,Technology,0
4768,India,1,S,OLG,Technology,0
4772,India,1,XL,OLG,Others,1
4776,Europe,1,S,OLG,Technology,0
4777,India,1,XL,OLG,Internet,0
4779,Europe,0,S,OLG,Technology,0
4782,US,1,S,OLG,Technology,0
4784,US,0,S,OLG,Technology,0
4786,US,1,S,OLG,Technology,0
4788,US,1,M,OLG,Others,0
4794,India,1,S,OLG,Technology,1
4795,India,0,XL,OLG,Publishing,0
4796,US,0,S,OLG,Technology,0
4798,India,1,S,OLG,Technology,0
4801,US,1,XXL,OLG,Internet,0
4804,US,1,M,OLG,Internet,0
4809,US,1,S,OLG,Technology,0
4811,India,0,S,OLG,Technology,0
4814,US,1,S,OLG,Technology,0
4815,India,0,S,OLG,Technology,0
4816,Europe,1,L,OLG,Technology,0
4817,India,0,S,OLG,Technology,0
4818,US,1,S,OLG,Technology,0
4820,US,1,S,OLG,Technology,0
4822,Europe,1,S,OLG,Technology,0
4823,India,0,S,OLG,Technology,0
4828,India,1,S,OLG,Technology,0
4829,India,0,S,OLG,Technology,0
4830,US,1,S,OLG,Technology,0
4835,Europe,1,S,OLG,Technology,0
4836,US,1,S,SEM,Technology,0
4837,Europe,1,S,OLG,Technology,0
4839,India,0,S,OLG,Technology,0
4841,Europe,1,S,OLG,Technology,0
4845,Europe,1,S,OLG,Technology,0
4846,US,1,S,OLG,Technology,0
4848,US,1,S,OLG,Technology,0
4849,Europe,1,S,OLG,Technology,0
4852,US,0,S,OLG,Technology,0
4853,Europe,1,S,OLG,Technology,0
4854,Europe,1,S,OLG,Technology,0
4857,Europe,0,S,OLG,Technology,0
4862,Europe,1,S,OLG,Technology,0
4865,US,1,L,OLG,Technology,0
4874,US,1,XL,OLG,Technology,0
4881,Europe,1,S,OLG,Technology,0
4886,Europe,1,S,OLG,Technology,0
4887,Europe,1,S,OLG,Technology,0
4890,Europe,0,S,OLG,Technology,0
4891,US,1,S,OLG,Technology,0
4894,US,1,M,OLG,Technology,0
4895,US,1,S,OLG,Technology,0
4906,Europe,1,S,OLG,Technology,0
4912,Europe,1,XXL,OLG,Technology,0
4914,India,1,S,OLG,Technology,0
4919,US,0,S,OLG,Technology,0
4920,US,1,S,OLG,Technology,0
4922,India,1,S,OLG,Technology,0
4924,US,0,L,OLG,Technology,0
4927,Europe,0,S,OLG,Technology,0
4928,US,1,XL,OLG,Internet,0
4932,US,1,XXL,OLG,Technology,0
4938,US,1,L,OLG,Internet,0
4940,US,0,S,OLG,Technology,0
4945,US,1,M,OLG,Technology,0
4946,US,0,XL,OLG,Technology,0
4949,India,0,XL,OLG,E-commerce,1
4950,India,1,S,OLG,Technology,0
4953,US,1,S,OLG,Technology,0
4962,US,1,XL,OLG,Technology,0
4964,Europe,1,XL,OLG,Technology,0
4975,India,1,S,OLG,Technology,0
4987,India,0,XXL,OLG,Automobile,0
4989,India,0,S,OLG,Technology,0
4991,India,1,S,OLG,Technology,0
4996,US,1,S,OLG,Technology,0
4998,India,0,S,OLG,Technology,0
4999,Europe,1,S,OLG,Technology,0
5003,Europe,1,S,OLG,Technology,0
5004,US,1,M,OLG,Technology,0
5007,US,0,S,SEM,Technology,1
5008,Europe,1,S,OLG,Technology,0
5012,US,1,S,OLG,Technology,0
5014,India,1,S,OLG,Technology,0
5015,Europe,1,S,OLG,Technology,0
5016,US,0,S,OLG,Technology,0
5017,Europe,1,S,OLG,Technology,0
5018,India,0,S,OLG,Technology,0
5024,US,1,S,OLG,Technology,0
5025,US,1,M,OLG,Technology,0
5027,India,0,S,OLG,Technology,0
5028,India,1,S,OLG,Technology,0
5033,India,1,S,OLG,Technology,0
5037,Europe,1,S,OLG,Technology,0
5039,US,1,S,OLG,Technology,0
5042,US,0,S,OLG,Technology,0
5047,US,1,XXL,OLG,Technology,0
5051,US,1,XXL,OLG,Internet,0
5053,Europe,1,S,OLG,Technology,0
5056,US,1,S,OLG,Technology,0
5062,Europe,1,S,OLG,Technology,0
5063,US,0,L,OLG,Others,0
5066,US,1,XL,OLG,Others,0
5068,US,1,S,OLG,Technology,0
5079,US,1,S,OLG,Technology,0
5083,India,0,S,OLG,Technology,0
5091,US,1,S,OLG,Technology,0
5099,India,1,S,OLG,Technology,0
5100,Europe,1,S,OLG,Technology,0
5102,Europe,1,S,OLG,Technology,0
5103,US,1,S,OLG,Technology,0
5111,US,1,S,OLG,Technology,0
5113,Europe,1,XL,OLG,Others,0
5116,India,0,S,OLG,Technology,0
5119,US,1,S,OLG,Technology,0
5125,India,1,S,OLG,Technology,0
5126,US,0,S,OLG,Technology,0
5128,Europe,1,S,OLG,Technology,0
5129,US,1,S,OLG,Technology,0
5130,India,0,XXL,OLG,Education,1
5133,Europe,1,S,OLG,Technology,0
5134,US,0,S,OLG,Technology,0
5135,Europe,1,S,OLG,Technology,0
5137,US,1,S,OLG,Technology,1
5140,US,0,S,OLG,Technology,0
5144,US,0,S,OLG,Technology,1
5151,India,1,S,OLG,Technology,0
5155,US,0,S,OLG,Technology,0
5167,India,1,S,OLG,Technology,0
5169,US,1,S,OLG,Technology,0
5182,US,0,S,OLG,Technology,0
5185,US,1,S,OLG,Technology,0
5189,India,0,S,OLG,Technology,0
5190,US,1,S,OLG,Technology,0
5194,Europe,1,S,OLG,Technology,0
5196,US,1,S,OLG,Technology,0
5199,Europe,0,S,OLG,Technology,0
5201,US,1,XXL,OLG,Technology,0
5205,US,0,S,OLG,Technology,0
5209,India,1,L,OLG,Publishing,0
5211,India,0,S,OLG,Technology,0
5219,US,1,M,OLG,E-Learning,0
5226,India,1,S,OLG,Technology,0
5227,US,1,S,OLG,Technology,0
5236,India,1,S,OLG,Technology,0
5238,US,1,S,OLG,Technology,0
5241,US,1,S,OLG,Technology,0
5243,India,1,S,OLG,Technology,0
5245,US,1,S,OLG,Technology,0
5247,Europe,0,S,OLG,Technology,0
5248,Europe,1,S,OLG,Technology,0
5250,US,1,M,OLG,Others,1
5252,Europe,1,S,OLG,Technology,0
5254,US,1,XXL,OLG,Publishing,0
5256,US,1,XXL,OLG,Technology,0
5259,US,1,XXL,OLG,Technology,0
5260,US,1,S,OLG,Technology,0
5262,US,1,S,OLG,Technology,0
5263,US,1,S,OLG,Technology,0
5267,US,0,M,OLG,Technology,0
5269,India,0,S,OLG,Technology,0
5272,India,1,S,OLG,Technology,0
5281,India,0,S,OLG,Technology,0
5282,US,1,XXL,OLG,Technology,0
5284,India,1,S,OLG,Technology,0
5291,India,0,S,OLG,Technology,0
5292,India,1,S,OLG,Technology,0
5294,India,0,XXL,OLG,Others,1
5296,US,1,XXL,OLG,BFSI,0
5299,US,0,XL,OLG,Internet,0
5300,US,1,S,OLG,Technology,0
5301,US,1,S,OLG,Technology,0
5309,India,1,S,OLG,Technology,0
5316,US,1,S,OLG,Technology,0
5317,Europe,0,XL,OLG,Technology,0
5321,US,1,XXL,OLG,Consumer Electronics,1
5325,India,1,S,OLG,Technology,0
5326,Europe,0,S,OLG,Technology,0
5329,US,1,S,SEM,Technology,0
5330,Europe,1,S,OLG,Technology,0
5343,India,0,S,OLG,Technology,0
5345,India,1,S,OLG,Technology,0
5346,US,1,XXL,OLG,Technology,0
5348,US,1,S,OLG,Technology,0
5350,Europe,1,S,OLG,Technology,0
5351,US,1,S,OLG,Technology,0
5352,US,1,XL,OLG,Technology,0
5354,US,1,S,OLG,Technology,0
5358,US,1,S,OLG,Technology,0
5360,US,1,S,OLG,Technology,0
5365,US,1,S,OLG,Technology,0
5372,US,0,S,OLG,Technology,0
5374,Europe,1,S,OLG,Technology,0
5378,US,1,S,OLG,Technology,0
5380,US,0,S,OLG,Technology,0
5383,Europe,1,S,OLG,Technology,0
5390,India,1,S,OLG,Technology,0
5393,India,0,S,OLG,Technology,0
5396,US,1,S,OLG,Technology,0
5399,India,0,S,OLG,Technology,0
5400,US,1,XL,OLG,Internet,0
5404,US,1,S,OLG,Technology,0
5409,India,0,S,OLG,Technology,0
5411,India,1,S,OLG,Technology,0
5414,US,1,S,OLG,Technology,0
5415,India,1,S,OLG,Technology,0
5417,India,0,S,OLG,Technology,0
5419,US,1,XXL,OLG,Telecommunication,0
5429,US,1,S,OLG,Technology,0
5431,US,1,S,OLG,Technology,0
5433,US,1,S,OLG,Technology,0
5434,US,1,S,OLG,Technology,0
5436,India,0,XXL,OLG,Healthcare,0
5440,India,1,S,OLG,Technology,0
5450,India,1,S,OLG,Technology,0
5451,India,0,S,OLG,Technology,0
5455,US,1,S,OLG,Technology,0
5456,India,0,S,OLG,Technology,1
5460,India,1,S,OLG,Technology,0
5462,US,1,S,OLG,Technology,0
5465,US,0,S,OLG,Technology,0
5466,US,1,S,OLG,Technology,0
5467,US,1,S,OLG,Technology,0
5472,US,1,S,OLG,Technology,0
5479,India,1,S,OLG,Technology,0
5481,India,0,S,OLG,Technology,0
5483,US,1,S,OLG,Technology,0
5489,Europe,0,L,OLG,Technology,0
5492,India,1,S,OLG,Technology,0
5494,India,0,S,OLG,Technology,0
5497,US,1,XS,OLG,Technology,0
5501,US,1,L,OLG,Technology,0
5504,US,1,S,OLG,Technology,0
5505,Europe,1,XL,OLG,Technology,0
5507,Europe,1,L,OLG,Others,0
5508,US,0,XXL,OLG,Technology,0
5510,US,1,S,OLG,Technology,0
5512,US,0,S,OLG,Technology,0
5514,US,1,S,OLG,Technology,0
5515,US,0,S,OLG,Technology,0
5518,India,1,S,OLG,Technology,0
5521,Europe,1,S,OLG,Technology,0
5522,India,0,S,OLG,Technology,0
5523,US,1,S,OLG,Technology,0
5527,US,1,XXL,OLG,Technology,0
5531,US,1,S,OLG,Technology,0
5535,US,1,S,OLG,Technology,0
5540,India,0,XL,OLG,Technology,0
5544,US,0,S,OLG,Technology,0
5545,Europe,1,S,OLG,Technology,0
5552,Europe,1,S,OLG,Technology,0
5554,India,0,S,OLG,Technology,0
5555,Europe,1,S,OLG,Technology,0
5556,US,1,S,OLG,Technology,0
5558,India,1,XL,OLG,Publishing,0
5562,US,1,S,OLG,Technology,0
5569,US,1,XL,OLG,Technology,0
5570,Europe,0,S,OLG,Technology,0
5571,India,1,S,OLG,Technology,0
5572,US,0,S,OLG,Technology,0
5573,US,1,S,OLG,Technology,0
5574,US,1,XL,OLG,Others,1
5578,US,1,S,OLG,Technology,0
5581,US,1,XL,OLG,Technology,0
5584,India,1,S,OLG,Technology,0
5589,US,0,S,OLG,Technology,0
5591,US,1,XL,OLG,Others,0
5593,US,1,S,OLG,Technology,0
5597,US,1,S,OLG,Technology,0
5603,Europe,1,S,OLG,Technology,0
5610,US,1,L,OLG,Technology,0
5611,Europe,0,M,OLG,Technology,0
5612,Europe,0,M,OLG,Technology,0
5615,US,1,S,OLG,Technology,0
5616,India,1,S,OLG,Technology,0
5619,US,1,S,OLG,Technology,0
5623,US,1,S,OLG,Technology,0
5627,India,1,S,OLG,Technology,0
5628,US,1,M,OLG,Others,0
5630,Europe,0,S,OLG,Technology,0
5631,India,0,S,OLG,Technology,0
5634,Europe,1,S,OLG,Technology,0
5644,US,1,S,OLG,Technology,0
5653,Europe,1,XL,OLG,Technology,0
5657,US,1,S,OLG,Technology,0
5659,US,1,S,OLG,Technology,1
5660,US,1,S,OLG,Technology,0
5663,US,1,XL,OLG,Internet,0
5666,India,0,S,OLG,Technology,0
5669,US,1,S,OLG,Technology,0
5670,US,1,S,OLG,Technology,0
5675,India,1,S,OLG,Technology,0
5677,US,1,S,OLG,Technology,1
5680,US,1,S,OLG,Technology,0
5681,US,0,XL,OLG,Others,0
5688,Europe,1,S,OLG,Technology,0
5690,Europe,0,S,OLG,Technology,0
5691,ANZ,1,S,OLG,Technology,0
5692,US,1,S,OLG,Technology,0
5694,US,1,M,OLG,Technology,0
5695,Europe,0,S,OLG,Technology,0
5696,India,1,S,OLG,Technology,0
5698,US,0,S,SEM,Technology,1
5699,US,1,M,OLG,Technology,0
5706,US,1,XL,OLG,Technology,0
5710,Europe,1,XL,OLG,Technology,0
5712,ANZ,1,S,OLG,Technology,0
5713,India,1,S,OLG,Technology,0
5714,Europe,0,S,OLG,Technology,0
5719,US,1,S,OLG,Technology,0
5721,US,1,M,OLG,Technology,0
5722,US,1,S,OLG,Technology,0
5723,India,0,S,OLG,Technology,0
5730,Europe,1,S,OLG,Technology,0
5734,US,1,XXL,OLG,E-commerce,0
5738,US,1,XL,OLG,Others,0
5745,Europe,1,S,OLG,Technology,0
5748,Europe,1,S,OLG,Technology,0
5751,ANZ,1,M,OLG,Others,0
5752,US,0,S,OLG,Technology,0
5753,Europe,1,S,OLG,Technology,0
5755,US,1,S,OLG,Technology,0
5757,US,0,S,OLG,Technology,0
5764,US,1,S,OLG,Technology,0
5766,India,0,S,OLG,Technology,0
5767,Europe,1,S,OLG,Technology,0
5769,US,1,S,OLG,Technology,0
5772,US,1,S,OLG,Technology,0
5773,India,1,S,OLG,Technology,0
5774,Europe,0,S,OLG,Technology,0
5775,Europe,1,L,OLG,Technology,0
5777,Europe,1,S,OLG,Technology,0
5783,US,1,M,OLG,Technology,0
5784,US,1,L,OLG,Others,0
5787,US,1,L,OLG,Technology,0
5807,US,0,S,OLG,Technology,0
5808,US,1,XL,OLG,Others,0
5811,US,1,S,OLG,Technology,0
5817,ANZ,1,S,OLG,Technology,0
5818,US,1,S,OLG,Technology,0
5821,US,1,S,OLG,Technology,0
5834,US,1,S,OLG,Technology,0
5835,Europe,0,S,OLG,Technology,0
5837,US,1,S,OLG,Technology,0
5841,India,0,S,OLG,Technology,1
5855,India,1,S,OLG,Technology,0
5861,US,0,S,OLG,Technology,0
5864,India,1,S,OLG,Technology,0
5868,US,1,XL,OLG,Technology,0
5871,US,1,XXL,OLG,Technology,0
5874,India,1,S,OLG,Technology,0
5878,US,1,XXL,OLG,Technology,0
5882,India,0,S,OLG,Technology,0
5883,Europe,1,S,OLG,Technology,0
5892,India,0,S,OLG,Technology,0
5893,Europe,1,S,OLG,Technology,0
5905,US,1,M,OLG,E-commerce,0
5906,Europe,1,S,OLG,Technology,0
5914,India,0,S,OLG,Technology,0
5916,US,1,S,OLG,Technology,0
5917,US,1,S,OLG,Technology,0
5918,Europe,0,S,OLG,Technology,0
5920,India,1,S,OLG,Technology,0
5926,US,1,XXL,OLG,E-commerce,0
5928,US,1,S,OLG,Technology,0
5932,Europe,0,S,OLG,Technology,0
5937,US,1,S,OLG,Technology,0
5938,India,1,S,OLG,Technology,0
5941,US,1,M,OLG,Technology,0
5943,US,1,S,OLG,Technology,0
5945,India,0,S,OLG,Technology,1
5949,Europe,1,XXL,OLG,Technology,0
5952,Europe,1,S,OLG,Technology,0
5953,US,0,XL,OLG,Others,1
5956,India,1,S,OLG,Technology,0
5961,India,0,S,OLG,Technology,0
5963,India,1,S,OLG,Technology,0
5964,US,1,S,OLG,Technology,0
5969,US,1,S,OLG,Technology,0
5970,India,1,S,OLG,Technology,0
5972,India,1,S,OLG,Technology,0
5974,India,0,S,OLG,Technology,0
5977,US,0,M,OLG,Technology,0
5978,US,1,L,OLG,Technology,0
5980,US,1,S,OLG,Technology,0
5981,India,1,S,OLG,Technology,0
5982,India,0,S,OLG,Technology,0
5983,India,1,S,OLG,Technology,0
5993,India,0,S,OLG,Technology,1
5998,US,0,L,OLG,Technology,0
6002,India,1,S,OLG,Technology,0
6004,India,1,S,OLG,Technology,0
6005,US,0,S,OLG,Technology,0
6006,US,1,XL,OLG,Internet,0
6011,US,1,S,OLG,Technology,0
6018,US,1,S,OLG,Technology,0
6022,Europe,1,XL,OLG,Technology,0
6028,Europe,1,S,OLG,Technology,0
6030,India,1,XL,OLG,Others,1
6042,India,1,S,OLG,Technology,0
6043,US,1,S,OLG,Technology,0
6045,India,0,S,OLG,Technology,0
6046,Europe,1,S,OLG,Technology,0
6058,US,1,XL,OLG,Internet,0
6061,US,0,S,Website,Technology,1
6064,US,1,S,OLG,Technology,0
6066,ANZ,1,S,OLG,Technology,0
6069,India,0,S,OLG,Technology,0
6081,US,1,S,OLG,Technology,0
6082,ANZ,1,XXL,OLG,Others,0
6083,India,0,S,OLG,Technology,0
6084,US,1,S,OLG,Technology,0
6088,Europe,1,S,OLG,Technology,0
6091,US,1,S,OLG,Technology,0
6097,India,1,S,OLG,Technology,0
6098,US,1,M,OLG,Technology,0
6100,US,1,S,OLG,Technology,0
6102,India,0,S,OLG,Technology,0
6103,US,1,M,OLG,Others,0
6110,US,1,S,OLG,Technology,0
6119,India,0,S,OLG,Technology,0
6122,US,1,XL,OLG,Internet,0
6124,US,1,XL,OLG,Others,0
6125,ANZ,1,S,OLG,Technology,0
6126,US,1,L,OLG,Internet,0
6127,India,1,S,OLG,Technology,0
6128,India,0,S,OLG,Technology,0
6135,India,1,XL,OLG,E-commerce,0
6143,India,0,S,OLG,Technology,0
6145,India,1,S,OLG,Technology,0
6149,India,0,S,OLG,Technology,0
6150,India,1,S,OLG,Technology,0
6151,India,1,S,OLG,Technology,0
6152,India,1,S,OLG,Technology,0
6160,India,1,S,OLG,Technology,0
6164,US,1,XXL,OLG,Internet,0
6165,US,0,S,OLG,Technology,0
6167,US,1,S,OLG,Technology,0
6168,US,1,S,OLG,Technology,0
6170,US,1,S,OLG,Technology,0
6178,US,1,XL,OLG,Technology,0
6179,US,0,S,OLG,Technology,0
6182,US,0,S,OLG,Technology,0
6192,US,1,S,SEM,Technology,0
6193,Europe,1,S,OLG,Technology,0
6194,US,1,XXL,OLG,Technology,0
6196,US,0,S,OLG,Technology,0
6197,US,1,S,OLG,Technology,0
6200,US,0,L,OLG,Technology,0
6201,US,1,S,OLG,Technology,0
6205,India,0,S,OLG,Technology,0
6206,US,1,S,OLG,Technology,0
6210,US,1,S,OLG,Technology,0
6213,US,1,M,OLG,Technology,0
6214,US,1,S,OLG,Technology,0
6217,Europe,1,XXL,OLG,Technology,0
6220,US,1,S,OLG,Technology,0
6221,US,0,S,SEM,Technology,0
6223,Europe,1,S,OLG,Technology,0
6225,Europe,1,S,OLG,Technology,0
6230,US,1,S,OLG,Technology,0
6232,Europe,1,S,OLG,Technology,0
6234,Europe,0,L,OLG,Others,0
6237,US,1,XL,OLG,Technology,0
6241,US,1,M,OLG,Internet,0
6243,India,0,S,OLG,Technology,0
6244,US,1,S,OLG,Technology,0
6246,US,1,XL,OLG,Consumer Electronics,0
6252,India,1,S,OLG,Technology,0
6254,India,0,S,OLG,Technology,0
6259,US,1,S,OLG,Technology,0
6260,India,0,S,OLG,Technology,0
6267,India,1,S,OLG,Technology,0
6269,India,1,S,OLG,Technology,0
6270,India,1,S,OLG,Technology,0
6272,Europe,0,S,OLG,Technology,0
6274,India,0,S,OLG,Technology,0
6275,US,1,S,OLG,Technology,0
6276,ANZ,1,S,OLG,Technology,0
6281,India,1,S,OLG,Technology,0
6282,US,0,S,OLG,Technology,0
6286,US,1,S,OLG,Technology,0
6291,India,0,S,OLG,Technology,0
6292,US,1,S,SEM,Technology,1
6293,US,0,L,OLG,Technology,0
6296,India,0,S,OLG,Technology,0
6299,US,1,S,OLG,Technology,0
6300,US,1,S,OLG,Technology,0
6301,US,1,S,OLG,Technology,0
6302,US,1,S,OLG,Technology,0
6304,US,1,S,OLG,Technology,0
6310,India,0,S,OLG,Technology,0
6312,Europe,0,S,OLG,Technology,0
6314,US,1,L,OLG,Technology,0
6315,US,1,L,OLG,Others,1
6316,US,1,M,OLG,Technology,0
6318,Europe,1,S,OLG,Technology,0
6319,Europe,1,S,OLG,Technology,0
6325,US,1,M,OLG,Technology,0
6327,US,1,XL,OLG,Technology,0
6329,US,1,XL,OLG,Technology,0
6333,US,1,XXL,OLG,Technology,0
6334,US,1,S,OLG,Technology,0
6336,US,1,S,OLG,Technology,0
6338,US,1,S,OLG,Technology,0
6344,Europe,1,S,OLG,Technology,0
6346,US,0,S,References,Technology,1
6347,US,0,S,OLG,Technology,0
6348,US,1,S,OLG,Technology,0
6357,India,1,S,OLG,Technology,0
6359,US,1,S,OLG,Technology,0
6361,US,1,S,OLG,Technology,0
6362,ANZ,0,L,OLG,Technology,0
6364,India,1,S,OLG,Technology,0
6365,US,1,S,OLG,Technology,0
6369,US,1,S,OLG,Technology,0
6374,India,0,S,OLG,Technology,0
6375,India,1,S,OLG,Technology,0
6380,India,0,S,OLG,Technology,0
6381,US,1,S,OLG,Technology,0
6385,US,1,S,OLG,Technology,0
6388,US,1,S,OLG,Technology,0
6389,India,0,S,OLG,Technology,0
6390,US,1,S,OLG,Technology,0
6396,US,1,XL,OLG,Technology,1
6399,India,0,S,OLG,Technology,0
6402,US,1,XXL,OLG,Technology,1
6403,US,1,S,OLG,Technology,0
6404,US,0,XL,OLG,Technology,0
6407,India,1,S,OLG,Technology,0
6409,US,1,S,OLG,Technology,0
6411,US,0,S,SEM,Technology,1
6412,India,1,S,OLG,Technology,0
6413,India,0,S,OLG,Technology,0
6417,US,0,S,OLG,Technology,0
6418,US,1,S,OLG,Technology,0
6421,US,1,XXL,OLG,Internet,0
6423,US,1,S,OLG,Technology,1
6424,Europe,1,XXL,OLG,Technology,0
6427,US,1,M,OLG,Internet,0
6429,US,0,S,OLG,Technology,0
6432,US,1,L,OLG,Technology,0
6436,US,0,S,OLG,Technology,0
6439,India,1,S,OLG,Technology,0
6446,India,1,S,OLG,Technology,0
6447,India,1,S,OLG,Technology,1
6448,US,1,S,OLG,Technology,0
6450,Europe,0,XXL,OLG,Technology,0
6451,US,1,S,OLG,Technology,0
6456,US,1,L,OLG,Technology,0
6457,India,0,S,OLG,Technology,0
6459,Europe,1,S,OLG,Technology,0
6463,US,1,S,OLG,Technology,0
6465,India,1,S,OLG,Technology,0
6468,Europe,1,XXL,OLG,Technology,0
6474,ANZ,0,S,OLG,Technology,1
6478,Europe,1,S,OLG,Technology,0
6481,US,1,S,OLG,Technology,0
6485,US,1,M,OLG,Technology,0
6487,US,1,XL,OLG,Technology,0
6489,India,1,S,OLG,Technology,0
6492,US,0,L,OLG,Technology,0
6493,India,1,S,OLG,Technology,0
6494,US,1,M,OLG,Technology,0
6498,US,0,M,OLG,Technology,0
6503,Europe,1,S,OLG,Technology,0
6505,US,1,S,OLG,Technology,0
6506,US,1,S,OLG,Technology,0
6511,India,1,S,OLG,Technology,0
6512,India,0,S,OLG,Technology,0
6513,Europe,1,S,OLG,Technology,0
6515,India,1,S,OLG,Technology,0
6516,India,0,S,OLG,Technology,0
6517,Europe,1,S,OLG,Technology,0
6537,US,1,S,OLG,Technology,0
6542,US,0,S,OLG,Technology,0
6546,US,1,S,OLG,Technology,0
6547,India,1,S,OLG,Technology,0
6550,US,0,S,OLG,Technology,0
6552,US,1,M,SEM,Aviation,0
6554,US,1,XL,OLG,Internet,0
6559,US,1,S,OLG,Technology,0
6562,US,1,S,OLG,Technology,0
6569,India,0,S,OLG,Technology,0
6570,US,0,S,OLG,Technology,0
6575,India,1,S,OLG,Technology,0
6576,Europe,0,S,OLG,Technology,0
6579,US,1,S,SEM,Technology,0
6582,US,1,M,OLG,Technology,0
6584,US,1,S,OLG,Technology,0
6587,US,1,S,OLG,Technology,0
6590,Europe,1,L,OLG,Technology,0
6594,India,1,S,OLG,Technology,0
6595,ANZ,1,L,OLG,Technology,0
6596,US,0,S,OLG,Technology,0
6598,US,1,S,OLG,Technology,0
6606,Europe,1,S,OLG,Technology,0
6608,US,1,S,OLG,Technology,0
6611,US,1,XL,OLG,Technology,0
6615,US,1,S,OLG,Technology,0
6625,Europe,1,S,OLG,Technology,0
6627,Europe,0,L,OLG,Technology,0
6628,Europe,0,XXL,OLG,Technology,0
6630,US,1,XXL,OLG,Technology,0
6632,Europe,1,M,OLG,Technology,0
6634,US,1,S,OLG,Technology,0
6639,US,1,S,OLG,Technology,0
6640,India,0,S,OLG,Technology,0
6644,US,0,L,OLG,Technology,0
6646,Europe,1,S,OLG,Technology,0
6650,India,1,S,OLG,Technology,0
6659,India,0,S,OLG,Technology,0
6663,US,1,S,OLG,Technology,0
6664,Europe,1,S,OLG,Technology,0
6665,US,1,S,OLG,Technology,0
6668,India,0,S,OLG,Technology,0
6669,US,1,XL,OLG,Technology,0
6679,US,0,S,OLG,Technology,0
6681,US,1,S,OLG,Technology,0
6683,India,0,XXL,References,M&E,1
6686,US,1,S,OLG,Technology,0
6692,US,1,XL,OLG,Technology,0
6693,US,0,S,OLG,Technology,0
6696,India,0,S,OLG,Technology,0
6699,India,1,S,OLG,Technology,0
6703,US,1,S,OLG,Technology,0
6704,India,1,S,OLG,Technology,0
6706,US,0,S,OLG,Technology,0
6707,US,1,XXL,OLG,Technology,0
6710,India,1,S,OLG,Technology,0
6712,India,0,S,OLG,Technology,0
6713,US,1,S,OLG,Technology,0
6715,US,1,XL,OLG,Technology,0
6718,US,0,S,OLG,Technology,0
6720,US,1,S,OLG,Technology,0
6727,US,1,S,OLG,Technology,0
6729,US,1,XL,OLG,Others,0
6732,India,1,S,OLG,Technology,0
6733,India,1,S,OLG,Technology,0
6734,US,1,XL,OLG,Technology,0
6736,US,0,S,OLG,Technology,0
6738,US,0,S,OLG,Technology,0
6746,US,1,S,OLG,Technology,0
6747,US,1,XXL,OLG,Technology,0
6753,US,1,S,OLG,Technology,0
6757,ANZ,1,S,OLG,Technology,0
6758,US,1,S,OLG,Technology,0
6761,US,1,S,OLG,Technology,0
6766,US,0,S,OLG,Technology,1
6768,US,0,S,OLG,Technology,0
6769,US,1,XL,OLG,Technology,1
6771,Europe,0,S,OLG,Technology,0
6773,US,1,S,OLG,Technology,0
6776,US,1,S,OLG,Technology,0
6782,US,0,S,OLG,Technology,0
6785,US,1,S,OLG,Technology,0
6788,US,1,S,OLG,Technology,0
6793,US,0,L,OLG,Technology,0
6794,India,1,S,OLG,Technology,1
6795,India,0,S,OLG,Technology,0
6797,US,1,M,OLG,Technology,0
6801,India,1,S,OLG,Technology,0
6802,India,1,S,OLG,Technology,0
6807,India,0,S,OLG,Technology,0
6810,Europe,1,XS,OLG,Publishing,0
6811,US,0,S,OLG,Technology,0
6813,US,1,S,OLG,Technology,0
6815,US,1,S,OLG,Technology,0
6819,US,0,S,OLG,Technology,1
6821,India,0,S,OLG,Technology,0
6822,US,1,S,OLG,Technology,0
6825,India,0,S,OLG,Technology,0
6829,US,1,S,OLG,Technology,0
6836,India,1,S,OLG,Technology,0
6837,India,0,S,OLG,Technology,0
6840,India,1,S,OLG,Technology,0
6841,India,1,S,OLG,Technology,0
6850,US,1,S,OLG,Technology,0
6851,India,0,S,OLG,Technology,0
6853,India,1,S,OLG,Technology,0
6861,US,0,S,OLG,Technology,0
6863,India,1,S,OLG,Technology,0
6870,India,1,S,OLG,Technology,0
6872,India,0,S,OLG,Technology,0
6874,US,1,S,OLG,Technology,0
6880,India,1,S,OLG,Technology,0
6881,India,0,S,OLG,Technology,0
6883,India,1,S,OLG,Technology,0
6884,India,0,S,OLG,Technology,0
6885,US,1,S,OLG,Technology,0
6886,US,1,S,SEM,Technology,0
6887,US,1,S,OLG,Technology,0
6893,Europe,1,S,OLG,Technology,0
6895,India,0,S,OLG,Technology,0
6899,Europe,1,XXL,OLG,Others,0
6902,India,0,XL,OLG,Others,1
6904,Europe,1,S,OLG,Technology,0
6907,US,1,S,OLG,Technology,0
6913,US,0,S,OLG,Technology,0
6920,India,1,S,OLG,Technology,1
6931,US,1,S,OLG,Technology,0
6935,US,1,S,OLG,Technology,0
6939,India,1,XXL,OLG,Internet,0
6957,US,1,M,OLG,Technology,0
6958,India,1,S,OLG,Technology,0
6959,India,1,S,OLG,Technology,1
6962,US,0,S,OLG,Technology,0
6963,India,0,S,OLG,Technology,0
6964,India,1,S,OLG,Technology,0
6965,US,1,S,OLG,Technology,0
6970,Europe,0,S,OLG,Technology,0
6971,India,0,S,OLG,Technology,0
6973,US,1,XL,OLG,Internet,0
6979,India,0,S,OLG,Technology,0
6982,US,1,S,OLG,Technology,0
6984,US,1,M,OLG,Technology,0
6985,Europe,1,S,OLG,Technology,0
6987,India,1,S,OLG,Technology,0
6988,India,0,S,OLG,Technology,0
6996,India,1,S,OLG,Technology,0
6997,US,1,S,OLG,Technology,0
6998,India,0,S,OLG,Technology,0
7006,ANZ,1,S,OLG,Technology,0
7007,India,1,S,OLG,Technology,0
7008,US,0,XL,OLG,Technology,0
7010,India,1,XXL,OLG,Healthcare,0
7012,Europe,0,S,OLG,Technology,0
7013,India,1,S,OLG,Technology,0
7014,India,1,S,OLG,Technology,0
7016,US,1,L,OLG,Technology,0
7032,US,1,L,OLG,Internet,0
7035,Europe,0,S,OLG,Others,0
7036,India,1,XL,OLG,Internet,0
7037,India,1,S,OLG,Technology,0
7038,US,0,XXL,OLG,Technology,0
7046,US,1,S,OLG,Technology,0
7053,US,1,S,OLG,Technology,0
7056,India,0,S,OLG,Technology,0
7057,US,0,S,OLG,Technology,0
7060,Europe,1,S,OLG,Technology,0
7063,US,1,S,OLG,Technology,0
7064,Europe,1,S,OLG,Technology,0
7066,India,0,S,OLG,Technology,0
7068,Europe,0,XL,OLG,Technology,0
7073,India,1,S,OLG,Technology,0
7079,Europe,1,S,OLG,Technology,0
7085,India,0,S,OLG,Technology,0
7092,India,1,S,OLG,Technology,0
7093,India,1,S,OLG,Technology,0
7095,India,0,S,OLG,Technology,0
7105,US,1,S,OLG,Technology,0
7108,US,1,S,OLG,Technology,0
7115,US,0,S,OLG,Technology,0
7118,US,1,L,OLG,Technology,0
7121,US,1,S,OLG,Technology,0
7126,US,1,S,OLG,Technology,0
7131,India,1,S,OLG,Technology,0
7133,India,0,S,OLG,Technology,0
7138,India,0,L,OLG,Others,0
7140,Europe,1,XXL,OLG,M&E,0
7142,Europe,1,S,OLG,Technology,0
7145,US,1,L,OLG,Technology,0
7150,Europe,1,S,OLG,Technology,0
7154,India,0,S,OLG,Technology,0
7155,US,1,S,OLG,Technology,0
7157,India,1,XXL,OLG,Automobile,0
7159,US,1,S,OLG,Technology,0
7161,India,0,S,OLG,Technology,0
7162,India,1,S,OLG,Technology,0
7163,US,0,XXL,OLG,E-Learning,0
7167,Europe,1,S,OLG,Technology,0
7170,India,0,S,OLG,Technology,0
7172,US,1,L,OLG,Technology,0
7174,Europe,1,S,OLG,Technology,0
7179,Europe,1,XL,OLG,Technology,0
7182,India,1,S,OLG,Technology,0
7183,US,1,S,OLG,Technology,0
7185,US,0,S,OLG,Technology,0
7202,Europe,1,S,OLG,Technology,0
7206,Europe,1,XL,OLG,Technology,0
7207,Europe,1,S,OLG,Technology,0
7208,US,1,S,OLG,Technology,0
7218,India,0,S,OLG,Technology,0
7221,Asia,1,L,OLG,Technology,0
7223,India,1,S,OLG,Technology,0
7224,Europe,1,S,OLG,Technology,0
7226,Europe,1,L,OLG,Technology,0
7227,US,1,L,OLG,BFSI,0
7231,India,0,S,OLG,Technology,0
7232,India,1,S,OLG,Technology,0
7233,US,1,L,OLG,Technology,0
7245,US,1,S,OLG,Technology,0
7251,US,1,S,OLG,Technology,0
7256,US,1,XXL,OLG,Technology,0
7257,US,0,S,OLG,Technology,0
7259,US,1,S,OLG,Technology,0
7264,US,1,S,OLG,Technology,0
7265,India,1,S,OLG,Technology,0
7269,India,0,S,OLG,Technology,0
7270,US,1,S,OLG,Technology,0
7274,India,0,S,OLG,Technology,0
7278,India,1,S,OLG,Technology,0
7281,India,0,S,OLG,Technology,0
7282,India,1,S,OLG,Technology,0
7287,US,1,S,OLG,Technology,0
7294,US,1,S,OLG,Technology,0
7295,India,0,S,OLG,Technology,0
7298,US,1,M,OLG,Technology,0
7299,India,0,S,OLG,Technology,0
7301,India,1,S,OLG,Technology,0
7302,India,1,S,OLG,Technology,0
7303,India,1,S,OLG,Technology,0
7304,US,1,S,OLG,Technology,0
7308,Europe,1,S,OLG,Technology,0
7310,US,1,S,OLG,Technology,0
7313,US,1,S,OLG,Technology,0
7315,US,1,S,OLG,Technology,0
7316,India,1,S,OLG,Technology,0
7324,US,1,S,OLG,Technology,0
7327,Europe,0,XL,OLG,M&E,0
7329,US,1,XXL,OLG,Others,0
7333,US,0,S,OLG,Technology,0
7335,India,1,S,OLG,Technology,0
7336,US,0,XXL,OLG,Telecommunication,1
7342,India,1,S,OLG,Technology,0
7345,India,0,S,OLG,Technology,0
7350,India,1,S,OLG,Technology,0
7351,India,1,S,OLG,Technology,0
7356,India,0,S,OLG,Technology,0
7359,US,1,S,OLG,Technology,0
7362,US,1,XXL,OLG,Technology,1
7364,US,1,S,OLG,Technology,0
7365,US,0,M,OLG,Healthcare,0
7371,US,1,S,OLG,Technology,0
7373,US,1,S,OLG,Technology,0
7376,Europe,1,S,OLG,Technology,0
7381,US,0,S,OLG,Technology,0
7389,India,1,S,OLG,Technology,0
7393,US,0,S,SEM,Technology,0
7394,Europe,1,S,OLG,Technology,0
7398,Europe,0,XXL,OLG,Internet,0
7403,India,1,S,OLG,Technology,0
7405,India,0,S,OLG,Technology,0
7412,US,1,M,OLG,Technology,0
7414,India,1,S,OLG,Technology,0
7417,US,0,S,OLG,Technology,0
7421,US,1,S,OLG,Technology,0
7422,US,1,L,OLG,Technology,0
7423,India,0,S,OLG,Technology,0
7424,US,1,L,OLG,Telecommunication,0
7427,US,0,XS,OLG,Technology,0
7428,India,1,XL,OLG,E-commerce,0
7430,India,0,S,OLG,Technology,0
7435,India,1,S,OLG,Technology,1
7438,US,1,S,OLG,Technology,0
7442,US,1,XL,OLG,Technology,0
7457,US,0,S,OLG,Technology,0
7459,US,1,S,OLG,Technology,0
7461,US,1,S,OLG,Technology,0
7462,US,1,XL,OLG,Technology,0
7463,US,1,S,OLG,Technology,0
7468,US,1,S,OLG,Technology,0
7474,US,1,S,OLG,Technology,0
7476,Europe,0,S,OLG,Technology,0
7480,India,1,S,OLG,Technology,0
7482,US,0,S,OLG,Technology,0
7486,US,1,S,OLG,Technology,0
7492,India,1,S,OLG,Technology,0
7495,India,0,S,OLG,Technology,0
7497,India,1,S,OLG,Technology,0
7502,US,1,S,OLG,Technology,0
7503,Europe,1,S,OLG,Technology,0
7507,India,1,S,OLG,Technology,0
7508,US,0,S,OLG,Technology,0
7510,India,1,S,OLG,Technology,0
7512,India,1,S,OLG,Technology,0
7514,US,1,S,OLG,Technology,0
7515,ANZ,0,L,OLG,Technology,0
7520,India,1,S,OLG,Technology,0
7523,US,1,S,OLG,Technology,0
7526,India,0,S,OLG,Technology,0
7530,India,1,S,OLG,Technology,0
7533,US,1,S,OLG,Technology,0
7536,India,1,S,OLG,Technology,0
7537,US,1,S,OLG,Technology,0
7542,US,1,S,OLG,Technology,0
7544,Europe,1,S,OLG,Technology,0
7546,Europe,1,S,OLG,Technology,0
7550,US,1,XL,OLG,Healthcare,0
7554,US,0,S,OLG,Technology,0
7556,US,0,XXL,OLG,Internet,0
7565,US,1,XL,OLG,Others,0
7573,US,1,XXL,OLG,Technology,0
7575,US,1,S,OLG,Technology,0
7576,US,0,S,OLG,Technology,0
7580,US,1,S,OLG,Technology,0
7585,India,1,S,OLG,Technology,0
7587,US,1,S,OLG,Technology,0
7588,Asia,1,S,OLG,Technology,0
7589,India,0,S,OLG,Technology,0
7592,US,1,S,OLG,Technology,0
7595,Europe,1,S,OLG,Technology,0
7597,US,1,S,OLG,Technology,0
7600,US,1,S,OLG,Technology,0
7602,India,1,S,OLG,Technology,0
7604,Europe,0,S,OLG,Technology,0
7605,Europe,0,S,OLG,Technology,0
7607,US,1,S,OLG,Technology,0
7608,Europe,1,S,OLG,Technology,0
7609,US,1,S,OLG,Technology,0
7615,US,1,S,OLG,Technology,0
7625,Europe,1,S,OLG,Technology,0
7626,US,0,S,OLG,Technology,0
7627,Europe,1,S,OLG,Technology,0
7628,US,1,S,OLG,Technology,0
7631,US,0,S,OLG,Technology,1
7634,US,1,S,OLG,Technology,0
7635,US,1,S,OLG,Technology,0
7641,Asia,1,L,OLG,Technology,0
7643,US,1,M,OLG,Technology,0
7649,US,1,XXL,OLG,Technology,0
7650,US,1,S,OLG,Technology,0
7655,India,0,S,OLG,Technology,0
7657,US,1,M,OLG,BFSI,0
7659,US,0,S,OLG,Technology,0
7660,India,1,S,OLG,Technology,0
7661,India,0,S,OLG,Technology,0
7662,US,1,L,OLG,Internet,0
7670,India,1,S,OLG,Technology,0
7671,US,1,S,OLG,Technology,0
7673,India,1,S,OLG,Technology,0
7676,Europe,1,XL,OLG,Technology,0
7679,India,0,S,OLG,Technology,0
7681,India,1,S,OLG,Technology,0
7683,India,0,S,OLG,Technology,0
7684,India,1,S,OLG,Technology,0
7685,India,1,S,OLG,Technology,0
7686,India,1,XL,OLG,Others,0
7691,Europe,1,S,OLG,Technology,0
7692,India,0,S,OLG,Technology,0
7694,US,1,L,OLG,Internet,0
7700,India,1,S,OLG,Technology,0
7714,India,0,S,OLG,Technology,0
7715,US,1,S,OLG,Technology,0
7725,India,0,XXL,OLG,M&E,1
7726,Europe,1,S,OLG,Technology,0
7728,US,1,S,OLG,Technology,0
7731,US,1,S,OLG,Technology,1
7734,US,0,S,OLG,Technology,0
7735,US,1,XXL,OLG,Telecommunication,0
7736,India,1,S,OLG,Technology,0
7738,US,1,S,OLG,Technology,0
7741,US,1,M,OLG,Internet,0
7749,India,0,S,OLG,Technology,0
7751,US,1,S,OLG,Technology,0
7753,US,1,S,OLG,Technology,0
7756,US,1,L,OLG,Internet,0
7761,US,1,L,OLG,Technology,0
7762,India,1,S,OLG,Technology,0
7763,India,0,S,OLG,Technology,0
7764,US,1,XL,OLG,Technology,0
7772,India,0,S,OLG,Technology,0
7774,India,1,S,OLG,Technology,0
7776,India,0,S,OLG,Technology,0
7778,India,1,XL,OLG,E-commerce,0
7793,US,1,S,OLG,Technology,0
